d,s,noise,rep,seed,method,fdr,tpr,shd,tp,fp,fn,estimated_edges,greedy_bic_gap,greedy_suboptimal,exact_greedy_jaccard
10,2,normal,0,1032123,NOTEARS,0.1111111111111111,0.8,5,16,2,4,18,0.0,False,1.0
10,2,normal,0,1032123,LOCAL_BIC_EXACT,0.1111111111111111,0.8,5,16,2,4,18,0.0,False,1.0
10,2,normal,0,1032123,LOCAL_BIC_GREEDY,0.1111111111111111,0.8,5,16,2,4,18,0.0,False,1.0
10,2,normal,0,1032123,STD_NOTEARS,0.625,0.15,17,3,5,17,8,0.0,False,1.0
10,2,normal,0,1032123,STD_LOCAL_BIC_EXACT,0.625,0.15,17,3,5,17,8,0.0,False,1.0
10,2,normal,1,1032124,NOTEARS,0.11764705882352941,0.75,6,15,2,5,17,0.0,False,1.0
10,2,normal,1,1032124,LOCAL_BIC_EXACT,0.11764705882352941,0.75,6,15,2,5,17,0.0,False,1.0
10,2,normal,1,1032124,LOCAL_BIC_GREEDY,0.11764705882352941,0.75,6,15,2,5,17,0.0,False,1.0
10,2,normal,1,1032124,STD_NOTEARS,0.9230769230769231,0.05,22,1,12,19,13,0.0,False,1.0
10,2,normal,1,1032124,STD_LOCAL_BIC_EXACT,0.9230769230769231,0.05,22,1,12,19,13,0.0,False,1.0
10,2,normal,2,1032125,NOTEARS,0.05263157894736842,0.9,2,18,1,2,19,0.0,False,1.0
10,2,normal,2,1032125,LOCAL_BIC_EXACT,0.05263157894736842,0.9,2,18,1,2,19,0.0,False,1.0
10,2,normal,2,1032125,LOCAL_BIC_GREEDY,0.05263157894736842,0.9,2,18,1,2,19,0.0,False,1.0
10,2,normal,2,1032125,STD_NOTEARS,0.8461538461538461,0.1,24,2,11,18,13,0.0,False,1.0
10,2,normal,2,1032125,STD_LOCAL_BIC_EXACT,0.8461538461538461,0.1,24,2,11,18,13,0.0,False,1.0
10,2,normal,3,1032126,NOTEARS,0.0,0.95,1,19,0,1,19,0.0,False,1.0
10,2,normal,3,1032126,LOCAL_BIC_EXACT,0.0,0.95,1,19,0,1,19,0.0,False,1.0
10,2,normal,3,1032126,LOCAL_BIC_GREEDY,0.0,0.95,1,19,0,1,19,0.0,False,1.0
10,2,normal,3,1032126,STD_NOTEARS,0.8888888888888888,0.05,22,1,8,19,9,0.0,False,1.0
10,2,normal,3,1032126,STD_LOCAL_BIC_EXACT,0.8888888888888888,0.05,22,1,8,19,9,0.0,False,1.0
10,2,normal,4,1032127,NOTEARS,0.0,1.0,0,20,0,0,20,0.0,False,1.0
10,2,normal,4,1032127,LOCAL_BIC_EXACT,0.0,1.0,0,20,0,0,20,0.0,False,1.0
10,2,normal,4,1032127,LOCAL_BIC_GREEDY,0.0,1.0,0,20,0,0,20,0.0,False,1.0
10,2,normal,4,1032127,STD_NOTEARS,0.5454545454545454,0.25,15,5,6,15,11,0.0,False,1.0
10,2,normal,4,1032127,STD_LOCAL_BIC_EXACT,0.5454545454545454,0.25,15,5,6,15,11,0.0,False,1.0
10,2,normal,5,1032128,NOTEARS,0.1111111111111111,0.8,5,16,2,4,18,0.0,False,1.0
10,2,normal,5,1032128,LOCAL_BIC_EXACT,0.1111111111111111,0.8,5,16,2,4,18,0.0,False,1.0
10,2,normal,5,1032128,LOCAL_BIC_GREEDY,0.1111111111111111,0.8,5,16,2,4,18,0.0,False,1.0
10,2,normal,5,1032128,STD_NOTEARS,0.7,0.15,17,3,7,17,10,0.0,False,1.0
10,2,normal,5,1032128,STD_LOCAL_BIC_EXACT,0.7,0.15,17,3,7,17,10,0.0,False,1.0
10,2,normal,6,1032129,NOTEARS,0.058823529411764705,0.8,5,16,1,4,17,0.0,False,1.0
10,2,normal,6,1032129,LOCAL_BIC_EXACT,0.058823529411764705,0.8,5,16,1,4,17,0.0,False,1.0
10,2,normal,6,1032129,LOCAL_BIC_GREEDY,0.058823529411764705,0.8,5,16,1,4,17,0.0,False,1.0
10,2,normal,6,1032129,STD_NOTEARS,0.6,0.2,19,4,6,16,10,0.0,False,1.0
10,2,normal,6,1032129,STD_LOCAL_BIC_EXACT,0.6,0.2,19,4,6,16,10,0.0,False,1.0
10,2,normal,7,1032130,NOTEARS,0.0,0.95,1,19,0,1,19,0.0,False,1.0
10,2,normal,7,1032130,LOCAL_BIC_EXACT,0.0,0.95,1,19,0,1,19,0.0,False,1.0
10,2,normal,7,1032130,LOCAL_BIC_GREEDY,0.0,0.95,1,19,0,1,19,0.0,False,1.0
10,2,normal,7,1032130,STD_NOTEARS,0.5,0.25,16,5,5,15,10,0.0,False,1.0
10,2,normal,7,1032130,STD_LOCAL_BIC_EXACT,0.5,0.25,16,5,5,15,10,0.0,False,1.0
10,2,normal,8,1032131,NOTEARS,0.0,1.0,0,20,0,0,20,0.0,False,1.0
10,2,normal,8,1032131,LOCAL_BIC_EXACT,0.0,1.0,0,20,0,0,20,0.0,False,1.0
10,2,normal,8,1032131,LOCAL_BIC_GREEDY,0.0,1.0,0,20,0,0,20,0.0,False,1.0
10,2,normal,8,1032131,STD_NOTEARS,0.7692307692307693,0.15,19,3,10,17,13,0.0,False,1.0
10,2,normal,8,1032131,STD_LOCAL_BIC_EXACT,0.7692307692307693,0.15,19,3,10,17,13,0.0,False,1.0
10,2,normal,9,1032132,NOTEARS,0.25,0.75,10,15,5,5,20,0.0,False,1.0
10,2,normal,9,1032132,LOCAL_BIC_EXACT,0.21052631578947367,0.75,9,15,4,5,19,0.0,False,1.0
10,2,normal,9,1032132,LOCAL_BIC_GREEDY,0.21052631578947367,0.75,9,15,4,5,19,0.0,False,1.0
10,2,normal,9,1032132,STD_NOTEARS,0.7,0.15,17,3,7,17,10,0.0,False,1.0
10,2,normal,9,1032132,STD_LOCAL_BIC_EXACT,0.7,0.15,17,3,7,17,10,0.0,False,1.0
10,2,normal,10,1032133,NOTEARS,0.05555555555555555,0.85,3,17,1,3,18,0.0,False,1.0
10,2,normal,10,1032133,LOCAL_BIC_EXACT,0.05555555555555555,0.85,3,17,1,3,18,0.0,False,1.0
10,2,normal,10,1032133,LOCAL_BIC_GREEDY,0.05555555555555555,0.85,3,17,1,3,18,0.0,False,1.0
10,2,normal,10,1032133,STD_NOTEARS,0.45454545454545453,0.3,15,6,5,14,11,0.0,False,1.0
10,2,normal,10,1032133,STD_LOCAL_BIC_EXACT,0.45454545454545453,0.3,15,6,5,14,11,0.0,False,1.0
10,2,normal,11,1032134,NOTEARS,0.0,0.75,5,15,0,5,15,0.0,False,1.0
10,2,normal,11,1032134,LOCAL_BIC_EXACT,0.0,0.7,6,14,0,6,14,0.0,False,1.0
10,2,normal,11,1032134,LOCAL_BIC_GREEDY,0.0,0.7,6,14,0,6,14,0.0,False,1.0
10,2,normal,11,1032134,STD_NOTEARS,0.45454545454545453,0.3,16,6,5,14,11,0.0,False,1.0
10,2,normal,11,1032134,STD_LOCAL_BIC_EXACT,0.45454545454545453,0.3,16,6,5,14,11,0.0,False,1.0
10,2,normal,12,1032135,NOTEARS,0.13333333333333333,0.65,9,13,2,7,15,0.0,False,1.0
10,2,normal,12,1032135,LOCAL_BIC_EXACT,0.13333333333333333,0.65,9,13,2,7,15,0.0,False,1.0
10,2,normal,12,1032135,LOCAL_BIC_GREEDY,0.13333333333333333,0.65,9,13,2,7,15,0.0,False,1.0
10,2,normal,12,1032135,STD_NOTEARS,0.8,0.1,21,2,8,18,10,0.0,False,1.0
10,2,normal,12,1032135,STD_LOCAL_BIC_EXACT,0.8,0.1,21,2,8,18,10,0.0,False,1.0
10,2,normal,13,1032136,NOTEARS,0.0,0.95,1,19,0,1,19,0.0,False,1.0
10,2,normal,13,1032136,LOCAL_BIC_EXACT,0.0,0.95,1,19,0,1,19,0.0,False,1.0
10,2,normal,13,1032136,LOCAL_BIC_GREEDY,0.0,0.95,1,19,0,1,19,0.0,False,1.0
10,2,normal,13,1032136,STD_NOTEARS,0.7,0.15,18,3,7,17,10,0.0,False,1.0
10,2,normal,13,1032136,STD_LOCAL_BIC_EXACT,0.7,0.15,18,3,7,17,10,0.0,False,1.0
10,2,normal,14,1032137,NOTEARS,0.05,0.95,1,19,1,1,20,0.0,False,1.0
10,2,normal,14,1032137,LOCAL_BIC_EXACT,0.05,0.95,1,19,1,1,20,0.0,False,1.0
10,2,normal,14,1032137,LOCAL_BIC_GREEDY,0.05,0.95,1,19,1,1,20,0.0,False,1.0
10,2,normal,14,1032137,STD_NOTEARS,0.7142857142857143,0.2,19,4,10,16,14,0.0,False,1.0
10,2,normal,14,1032137,STD_LOCAL_BIC_EXACT,0.7142857142857143,0.2,19,4,10,16,14,0.0,False,1.0
10,2,normal,15,1032138,NOTEARS,0.125,0.7,7,14,2,6,16,0.0,False,1.0
10,2,normal,15,1032138,LOCAL_BIC_EXACT,0.125,0.7,7,14,2,6,16,0.0,False,1.0
10,2,normal,15,1032138,LOCAL_BIC_GREEDY,0.125,0.7,7,14,2,6,16,0.0,False,1.0
10,2,normal,15,1032138,STD_NOTEARS,0.9166666666666666,0.05,21,1,11,19,12,0.0,False,1.0
10,2,normal,15,1032138,STD_LOCAL_BIC_EXACT,0.9166666666666666,0.05,21,1,11,19,12,0.0,False,1.0
10,2,normal,16,1032139,NOTEARS,0.15,0.85,6,17,3,3,20,0.0,False,1.0
10,2,normal,16,1032139,LOCAL_BIC_EXACT,0.15,0.85,6,17,3,3,20,0.0,False,1.0
10,2,normal,16,1032139,LOCAL_BIC_GREEDY,0.15,0.85,6,17,3,3,20,0.0,False,1.0
10,2,normal,16,1032139,STD_NOTEARS,0.6923076923076923,0.2,17,4,9,16,13,0.0,False,1.0
10,2,normal,16,1032139,STD_LOCAL_BIC_EXACT,0.6923076923076923,0.2,17,4,9,16,13,0.0,False,1.0
10,2,normal,17,1032140,NOTEARS,0.05263157894736842,0.9,2,18,1,2,19,0.0,False,1.0
10,2,normal,17,1032140,LOCAL_BIC_EXACT,0.05263157894736842,0.9,2,18,1,2,19,0.0,False,1.0
10,2,normal,17,1032140,LOCAL_BIC_GREEDY,0.05263157894736842,0.9,2,18,1,2,19,0.0,False,1.0
10,2,normal,17,1032140,STD_NOTEARS,0.875,0.05,19,1,7,19,8,0.0,False,1.0
10,2,normal,17,1032140,STD_LOCAL_BIC_EXACT,0.875,0.05,19,1,7,19,8,0.0,False,1.0
10,2,normal,18,1032141,NOTEARS,0.10526315789473684,0.85,4,17,2,3,19,0.0,False,1.0
10,2,normal,18,1032141,LOCAL_BIC_EXACT,0.10526315789473684,0.85,4,17,2,3,19,0.0,False,1.0
10,2,normal,18,1032141,LOCAL_BIC_GREEDY,0.10526315789473684,0.85,4,17,2,3,19,0.0,False,1.0
10,2,normal,18,1032141,STD_NOTEARS,0.5555555555555556,0.2,18,4,5,16,9,0.0,False,1.0
10,2,normal,18,1032141,STD_LOCAL_BIC_EXACT,0.5555555555555556,0.2,18,4,5,16,9,0.0,False,1.0
10,2,normal,19,1032142,NOTEARS,0.05,0.95,1,19,1,1,20,0.0,False,1.0
10,2,normal,19,1032142,LOCAL_BIC_EXACT,0.05,0.95,1,19,1,1,20,0.0,False,1.0
10,2,normal,19,1032142,LOCAL_BIC_GREEDY,0.05,0.95,1,19,1,1,20,0.0,False,1.0
10,2,normal,19,1032142,STD_NOTEARS,0.6153846153846154,0.25,18,5,8,15,13,0.0,False,1.0
10,2,normal,19,1032142,STD_LOCAL_BIC_EXACT,0.6153846153846154,0.25,18,5,8,15,13,0.0,False,1.0
10,2,exponential,0,1032133,NOTEARS,0.05555555555555555,0.85,3,17,1,3,18,0.0,False,1.0
10,2,exponential,0,1032133,LOCAL_BIC_EXACT,0.05555555555555555,0.85,3,17,1,3,18,0.0,False,1.0
10,2,exponential,0,1032133,LOCAL_BIC_GREEDY,0.05555555555555555,0.85,3,17,1,3,18,0.0,False,1.0
10,2,exponential,0,1032133,STD_NOTEARS,0.46153846153846156,0.35,14,7,6,13,13,0.0,False,1.0
10,2,exponential,0,1032133,STD_LOCAL_BIC_EXACT,0.46153846153846156,0.35,14,7,6,13,13,0.0,False,1.0
10,2,exponential,1,1032134,NOTEARS,0.05263157894736842,0.9,3,18,1,2,19,0.0,False,1.0
10,2,exponential,1,1032134,LOCAL_BIC_EXACT,0.05263157894736842,0.9,3,18,1,2,19,0.0,False,1.0
10,2,exponential,1,1032134,LOCAL_BIC_GREEDY,0.05263157894736842,0.9,3,18,1,2,19,0.0,False,1.0
10,2,exponential,1,1032134,STD_NOTEARS,0.5555555555555556,0.2,17,4,5,16,9,0.0,False,1.0
10,2,exponential,1,1032134,STD_LOCAL_BIC_EXACT,0.5555555555555556,0.2,17,4,5,16,9,0.0,False,1.0
10,2,exponential,2,1032135,NOTEARS,0.13333333333333333,0.65,9,13,2,7,15,0.0,False,1.0
10,2,exponential,2,1032135,LOCAL_BIC_EXACT,0.13333333333333333,0.65,9,13,2,7,15,0.0,False,1.0
10,2,exponential,2,1032135,LOCAL_BIC_GREEDY,0.13333333333333333,0.65,9,13,2,7,15,0.0,False,1.0
10,2,exponential,2,1032135,STD_NOTEARS,0.6666666666666666,0.2,19,4,8,16,12,0.0,False,1.0
10,2,exponential,2,1032135,STD_LOCAL_BIC_EXACT,0.6666666666666666,0.2,19,4,8,16,12,0.0,False,1.0
10,2,exponential,3,1032136,NOTEARS,0.0,0.95,1,19,0,1,19,0.0,False,1.0
10,2,exponential,3,1032136,LOCAL_BIC_EXACT,0.0,0.95,1,19,0,1,19,0.0,False,1.0
10,2,exponential,3,1032136,LOCAL_BIC_GREEDY,0.0,0.95,1,19,0,1,19,0.0,False,1.0
10,2,exponential,3,1032136,STD_NOTEARS,0.6,0.2,17,4,6,16,10,0.0,False,1.0
10,2,exponential,3,1032136,STD_LOCAL_BIC_EXACT,0.6,0.2,17,4,6,16,10,0.0,False,1.0
10,2,exponential,4,1032137,NOTEARS,0.05263157894736842,0.9,2,18,1,2,19,0.0,False,1.0
10,2,exponential,4,1032137,LOCAL_BIC_EXACT,0.05263157894736842,0.9,2,18,1,2,19,0.0,False,1.0
10,2,exponential,4,1032137,LOCAL_BIC_GREEDY,0.05263157894736842,0.9,2,18,1,2,19,0.0,False,1.0
10,2,exponential,4,1032137,STD_NOTEARS,0.6428571428571429,0.25,16,5,9,15,14,0.0,False,1.0
10,2,exponential,4,1032137,STD_LOCAL_BIC_EXACT,0.6428571428571429,0.25,16,5,9,15,14,0.0,False,1.0
10,2,exponential,5,1032138,NOTEARS,0.05555555555555555,0.85,3,17,1,3,18,0.0,False,1.0
10,2,exponential,5,1032138,LOCAL_BIC_EXACT,0.05555555555555555,0.85,3,17,1,3,18,0.0,False,1.0
10,2,exponential,5,1032138,LOCAL_BIC_GREEDY,0.05555555555555555,0.85,3,17,1,3,18,0.0,False,1.0
10,2,exponential,5,1032138,STD_NOTEARS,1.0,0.0,24,0,9,20,9,0.0,False,1.0
10,2,exponential,5,1032138,STD_LOCAL_BIC_EXACT,1.0,0.0,24,0,9,20,9,0.0,False,1.0
10,2,exponential,6,1032139,NOTEARS,0.05263157894736842,0.9,3,18,1,2,19,0.0,False,1.0
10,2,exponential,6,1032139,LOCAL_BIC_EXACT,0.05263157894736842,0.9,3,18,1,2,19,0.0,False,1.0
10,2,exponential,6,1032139,LOCAL_BIC_GREEDY,0.05263157894736842,0.9,3,18,1,2,19,0.0,False,1.0
10,2,exponential,6,1032139,STD_NOTEARS,0.36363636363636365,0.35,14,7,4,13,11,0.0,False,1.0
10,2,exponential,6,1032139,STD_LOCAL_BIC_EXACT,0.36363636363636365,0.35,14,7,4,13,11,0.0,False,1.0
10,2,exponential,7,1032140,NOTEARS,0.05555555555555555,0.85,3,17,1,3,18,0.0,False,1.0
10,2,exponential,7,1032140,LOCAL_BIC_EXACT,0.05555555555555555,0.85,3,17,1,3,18,0.0,False,1.0
10,2,exponential,7,1032140,LOCAL_BIC_GREEDY,0.05555555555555555,0.85,3,17,1,3,18,0.0,False,1.0
10,2,exponential,7,1032140,STD_NOTEARS,0.875,0.05,19,1,7,19,8,0.0,False,1.0
10,2,exponential,7,1032140,STD_LOCAL_BIC_EXACT,0.875,0.05,19,1,7,19,8,0.0,False,1.0
10,2,exponential,8,1032141,NOTEARS,0.1111111111111111,0.8,5,16,2,4,18,0.0,False,1.0
10,2,exponential,8,1032141,LOCAL_BIC_EXACT,0.1111111111111111,0.8,5,16,2,4,18,0.0,False,1.0
10,2,exponential,8,1032141,LOCAL_BIC_GREEDY,0.1111111111111111,0.8,5,16,2,4,18,0.0,False,1.0
10,2,exponential,8,1032141,STD_NOTEARS,0.6666666666666666,0.15,20,3,6,17,9,0.0,False,1.0
10,2,exponential,8,1032141,STD_LOCAL_BIC_EXACT,0.6666666666666666,0.15,20,3,6,17,9,0.0,False,1.0
10,2,exponential,9,1032142,NOTEARS,0.05,0.95,1,19,1,1,20,0.0,False,1.0
10,2,exponential,9,1032142,LOCAL_BIC_EXACT,0.05,0.95,1,19,1,1,20,0.0,False,1.0
10,2,exponential,9,1032142,LOCAL_BIC_GREEDY,0.05,0.95,1,19,1,1,20,0.0,False,1.0
10,2,exponential,9,1032142,STD_NOTEARS,0.6153846153846154,0.25,17,5,8,15,13,0.0,False,1.0
10,2,exponential,9,1032142,STD_LOCAL_BIC_EXACT,0.6153846153846154,0.25,17,5,8,15,13,0.0,False,1.0
10,2,exponential,10,1032143,NOTEARS,0.0,1.0,0,20,0,0,20,0.0,False,1.0
10,2,exponential,10,1032143,LOCAL_BIC_EXACT,0.0,1.0,0,20,0,0,20,0.0,False,1.0
10,2,exponential,10,1032143,LOCAL_BIC_GREEDY,0.0,1.0,0,20,0,0,20,0.0,False,1.0
10,2,exponential,10,1032143,STD_NOTEARS,0.5,0.25,16,5,5,15,10,0.0,False,1.0
10,2,exponential,10,1032143,STD_LOCAL_BIC_EXACT,0.5,0.25,16,5,5,15,10,0.0,False,1.0
10,2,exponential,11,1032144,NOTEARS,0.05,0.95,1,19,1,1,20,0.0,False,1.0
10,2,exponential,11,1032144,LOCAL_BIC_EXACT,0.05,0.95,1,19,1,1,20,0.0,False,1.0
10,2,exponential,11,1032144,LOCAL_BIC_GREEDY,0.05,0.95,1,19,1,1,20,0.0,False,1.0
10,2,exponential,11,1032144,STD_NOTEARS,0.46153846153846156,0.35,14,7,6,13,13,0.0,False,1.0
10,2,exponential,11,1032144,STD_LOCAL_BIC_EXACT,0.46153846153846156,0.35,14,7,6,13,13,0.0,False,1.0
10,2,exponential,12,1032145,NOTEARS,0.058823529411764705,0.8,5,16,1,4,17,0.0,False,1.0
10,2,exponential,12,1032145,LOCAL_BIC_EXACT,0.058823529411764705,0.8,5,16,1,4,17,0.0,False,1.0
10,2,exponential,12,1032145,LOCAL_BIC_GREEDY,0.058823529411764705,0.8,5,16,1,4,17,0.0,False,1.0
10,2,exponential,12,1032145,STD_NOTEARS,0.9,0.05,24,1,9,19,10,0.0,False,1.0
10,2,exponential,12,1032145,STD_LOCAL_BIC_EXACT,0.9,0.05,24,1,9,19,10,0.0,False,1.0
10,2,exponential,13,1032146,NOTEARS,0.11764705882352941,0.75,6,15,2,5,17,0.0,False,1.0
10,2,exponential,13,1032146,LOCAL_BIC_EXACT,0.11764705882352941,0.75,6,15,2,5,17,0.0,False,1.0
10,2,exponential,13,1032146,LOCAL_BIC_GREEDY,0.11764705882352941,0.75,6,15,2,5,17,0.0,False,1.0
10,2,exponential,13,1032146,STD_NOTEARS,0.625,0.15,21,3,5,17,8,0.0,False,1.0
10,2,exponential,13,1032146,STD_LOCAL_BIC_EXACT,0.625,0.15,21,3,5,17,8,0.0,False,1.0
10,2,exponential,14,1032147,NOTEARS,0.2,0.8,7,16,4,4,20,0.0,False,1.0
10,2,exponential,14,1032147,LOCAL_BIC_EXACT,0.2,0.8,7,16,4,4,20,0.0,False,1.0
10,2,exponential,14,1032147,LOCAL_BIC_GREEDY,0.2,0.8,7,16,4,4,20,0.0,False,1.0
10,2,exponential,14,1032147,STD_NOTEARS,0.5,0.3,16,6,6,14,12,0.0,False,1.0
10,2,exponential,14,1032147,STD_LOCAL_BIC_EXACT,0.5,0.3,16,6,6,14,12,0.0,False,1.0
10,2,exponential,15,1032148,NOTEARS,0.047619047619047616,1.0,1,20,1,0,21,0.0,False,1.0
10,2,exponential,15,1032148,LOCAL_BIC_EXACT,0.0,1.0,0,20,0,0,20,0.0,False,1.0
10,2,exponential,15,1032148,LOCAL_BIC_GREEDY,0.0,1.0,0,20,0,0,20,0.0,False,1.0
10,2,exponential,15,1032148,STD_NOTEARS,0.9,0.05,24,1,9,19,10,0.0,False,1.0
10,2,exponential,15,1032148,STD_LOCAL_BIC_EXACT,0.9,0.05,24,1,9,19,10,0.0,False,1.0
10,2,exponential,16,1032149,NOTEARS,0.0,0.9,2,18,0,2,18,0.0,False,1.0
10,2,exponential,16,1032149,LOCAL_BIC_EXACT,0.0,0.9,2,18,0,2,18,0.0,False,1.0
10,2,exponential,16,1032149,LOCAL_BIC_GREEDY,0.0,0.9,2,18,0,2,18,0.0,False,1.0
10,2,exponential,16,1032149,STD_NOTEARS,0.6,0.2,18,4,6,16,10,0.0,False,1.0
10,2,exponential,16,1032149,STD_LOCAL_BIC_EXACT,0.6,0.2,18,4,6,16,10,0.0,False,1.0
10,2,exponential,17,1032150,NOTEARS,0.16666666666666666,0.75,6,15,3,5,18,0.0,False,1.0
10,2,exponential,17,1032150,LOCAL_BIC_EXACT,0.16666666666666666,0.75,6,15,3,5,18,0.0,False,1.0
10,2,exponential,17,1032150,LOCAL_BIC_GREEDY,0.16666666666666666,0.75,6,15,3,5,18,0.0,False,1.0
10,2,exponential,17,1032150,STD_NOTEARS,0.7,0.15,21,3,7,17,10,0.0,False,1.0
10,2,exponential,17,1032150,STD_LOCAL_BIC_EXACT,0.7,0.15,21,3,7,17,10,0.0,False,1.0
10,2,exponential,18,1032151,NOTEARS,0.0,0.8,4,16,0,4,16,0.0,False,1.0
10,2,exponential,18,1032151,LOCAL_BIC_EXACT,0.0,0.8,4,16,0,4,16,0.0,False,1.0
10,2,exponential,18,1032151,LOCAL_BIC_GREEDY,0.0,0.8,4,16,0,4,16,0.0,False,1.0
10,2,exponential,18,1032151,STD_NOTEARS,0.7777777777777778,0.1,20,2,7,18,9,0.0,False,1.0
10,2,exponential,18,1032151,STD_LOCAL_BIC_EXACT,0.7777777777777778,0.1,20,2,7,18,9,0.0,False,1.0
10,2,exponential,19,1032152,NOTEARS,0.0,1.0,0,20,0,0,20,0.0,False,1.0
10,2,exponential,19,1032152,LOCAL_BIC_EXACT,0.0,1.0,0,20,0,0,20,0.0,False,1.0
10,2,exponential,19,1032152,LOCAL_BIC_GREEDY,0.0,1.0,0,20,0,0,20,0.0,False,1.0
10,2,exponential,19,1032152,STD_NOTEARS,0.6,0.2,20,4,6,16,10,0.0,False,1.0
10,2,exponential,19,1032152,STD_LOCAL_BIC_EXACT,0.6,0.2,20,4,6,16,10,0.0,False,1.0
10,2,gumbel,0,1032143,NOTEARS,0.0,1.0,0,20,0,0,20,0.0,False,1.0
10,2,gumbel,0,1032143,LOCAL_BIC_EXACT,0.0,1.0,0,20,0,0,20,0.0,False,1.0
10,2,gumbel,0,1032143,LOCAL_BIC_GREEDY,0.0,1.0,0,20,0,0,20,0.0,False,1.0
10,2,gumbel,0,1032143,STD_NOTEARS,0.5,0.25,16,5,5,15,10,0.0,False,1.0
10,2,gumbel,0,1032143,STD_LOCAL_BIC_EXACT,0.5,0.25,16,5,5,15,10,0.0,False,1.0
10,2,gumbel,1,1032144,NOTEARS,0.0,1.0,0,20,0,0,20,0.0,False,1.0
10,2,gumbel,1,1032144,LOCAL_BIC_EXACT,0.0,1.0,0,20,0,0,20,0.0,False,1.0
10,2,gumbel,1,1032144,LOCAL_BIC_GREEDY,0.0,1.0,0,20,0,0,20,0.0,False,1.0
10,2,gumbel,1,1032144,STD_NOTEARS,0.5,0.3,15,6,6,14,12,0.0,False,1.0
10,2,gumbel,1,1032144,STD_LOCAL_BIC_EXACT,0.5,0.3,15,6,6,14,12,0.0,False,1.0
10,2,gumbel,2,1032145,NOTEARS,0.0,0.85,3,17,0,3,17,0.0,False,1.0
10,2,gumbel,2,1032145,LOCAL_BIC_EXACT,0.0,0.85,3,17,0,3,17,0.0,False,1.0
10,2,gumbel,2,1032145,LOCAL_BIC_GREEDY,0.0,0.85,3,17,0,3,17,0.0,False,1.0
10,2,gumbel,2,1032145,STD_NOTEARS,0.9,0.05,22,1,9,19,10,0.0,False,1.0
10,2,gumbel,2,1032145,STD_LOCAL_BIC_EXACT,0.9,0.05,22,1,9,19,10,0.0,False,1.0
10,2,gumbel,3,1032146,NOTEARS,0.11764705882352941,0.75,6,15,2,5,17,0.0,False,1.0
10,2,gumbel,3,1032146,LOCAL_BIC_EXACT,0.11764705882352941,0.75,6,15,2,5,17,0.0,False,1.0
10,2,gumbel,3,1032146,LOCAL_BIC_GREEDY,0.11764705882352941,0.75,6,15,2,5,17,0.0,False,1.0
10,2,gumbel,3,1032146,STD_NOTEARS,0.5,0.25,17,5,5,15,10,0.0,False,1.0
10,2,gumbel,3,1032146,STD_LOCAL_BIC_EXACT,0.5,0.25,17,5,5,15,10,0.0,False,1.0
10,2,gumbel,4,1032147,NOTEARS,0.0,1.0,0,20,0,0,20,0.0,False,1.0
10,2,gumbel,4,1032147,LOCAL_BIC_EXACT,0.0,1.0,0,20,0,0,20,0.0,False,1.0
10,2,gumbel,4,1032147,LOCAL_BIC_GREEDY,0.0,1.0,0,20,0,0,20,0.0,False,1.0
10,2,gumbel,4,1032147,STD_NOTEARS,0.5,0.3,16,6,6,14,12,0.0,False,1.0
10,2,gumbel,4,1032147,STD_LOCAL_BIC_EXACT,0.5,0.3,16,6,6,14,12,0.0,False,1.0
10,2,gumbel,5,1032148,NOTEARS,0.047619047619047616,1.0,1,20,1,0,21,0.0,False,1.0
10,2,gumbel,5,1032148,LOCAL_BIC_EXACT,0.0,1.0,0,20,0,0,20,0.0,False,1.0
10,2,gumbel,5,1032148,LOCAL_BIC_GREEDY,0.0,1.0,0,20,0,0,20,0.0,False,1.0
10,2,gumbel,5,1032148,STD_NOTEARS,0.75,0.15,20,3,9,17,12,0.0,False,1.0
10,2,gumbel,5,1032148,STD_LOCAL_BIC_EXACT,0.75,0.15,20,3,9,17,12,0.0,False,1.0
10,2,gumbel,6,1032149,NOTEARS,0.05555555555555555,0.85,3,17,1,3,18,0.0,False,1.0
10,2,gumbel,6,1032149,LOCAL_BIC_EXACT,0.05555555555555555,0.85,3,17,1,3,18,0.0,False,1.0
10,2,gumbel,6,1032149,LOCAL_BIC_GREEDY,0.05555555555555555,0.85,3,17,1,3,18,0.0,False,1.0
10,2,gumbel,6,1032149,STD_NOTEARS,0.8333333333333334,0.1,22,2,10,18,12,0.0,False,1.0
10,2,gumbel,6,1032149,STD_LOCAL_BIC_EXACT,0.8333333333333334,0.1,22,2,10,18,12,0.0,False,1.0
10,2,gumbel,7,1032150,NOTEARS,0.17647058823529413,0.7,7,14,3,6,17,0.0,False,1.0
10,2,gumbel,7,1032150,LOCAL_BIC_EXACT,0.17647058823529413,0.7,7,14,3,6,17,0.0,False,1.0
10,2,gumbel,7,1032150,LOCAL_BIC_GREEDY,0.17647058823529413,0.7,7,14,3,6,17,0.0,False,1.0
10,2,gumbel,7,1032150,STD_NOTEARS,0.8,0.1,23,2,8,18,10,0.0,False,1.0
10,2,gumbel,7,1032150,STD_LOCAL_BIC_EXACT,0.8,0.1,23,2,8,18,10,0.0,False,1.0
10,2,gumbel,8,1032151,NOTEARS,0.0,0.8,4,16,0,4,16,0.0,False,1.0
10,2,gumbel,8,1032151,LOCAL_BIC_EXACT,0.0,0.8,4,16,0,4,16,0.0,False,1.0
10,2,gumbel,8,1032151,LOCAL_BIC_GREEDY,0.0,0.8,4,16,0,4,16,0.0,False,1.0
10,2,gumbel,8,1032151,STD_NOTEARS,0.7777777777777778,0.1,20,2,7,18,9,0.0,False,1.0
10,2,gumbel,8,1032151,STD_LOCAL_BIC_EXACT,0.7777777777777778,0.1,20,2,7,18,9,0.0,False,1.0
10,2,gumbel,9,1032152,NOTEARS,0.0,1.0,0,20,0,0,20,0.0,False,1.0
10,2,gumbel,9,1032152,LOCAL_BIC_EXACT,0.0,1.0,0,20,0,0,20,0.0,False,1.0
10,2,gumbel,9,1032152,LOCAL_BIC_GREEDY,0.0,1.0,0,20,0,0,20,0.0,False,1.0
10,2,gumbel,9,1032152,STD_NOTEARS,0.6,0.2,20,4,6,16,10,0.0,False,1.0
10,2,gumbel,9,1032152,STD_LOCAL_BIC_EXACT,0.6,0.2,20,4,6,16,10,0.0,False,1.0
10,2,gumbel,10,1032153,NOTEARS,0.1111111111111111,0.8,5,16,2,4,18,0.0,False,1.0
10,2,gumbel,10,1032153,LOCAL_BIC_EXACT,0.1111111111111111,0.8,5,16,2,4,18,0.0,False,1.0
10,2,gumbel,10,1032153,LOCAL_BIC_GREEDY,0.1111111111111111,0.8,5,16,2,4,18,0.0,False,1.0
10,2,gumbel,10,1032153,STD_NOTEARS,0.6153846153846154,0.25,18,5,8,15,13,0.0,False,1.0
10,2,gumbel,10,1032153,STD_LOCAL_BIC_EXACT,0.6153846153846154,0.25,18,5,8,15,13,0.0,False,1.0
10,2,gumbel,11,1032154,NOTEARS,0.0,0.85,3,17,0,3,17,0.0,False,1.0
10,2,gumbel,11,1032154,LOCAL_BIC_EXACT,0.0,0.85,3,17,0,3,17,0.0,False,1.0
10,2,gumbel,11,1032154,LOCAL_BIC_GREEDY,0.0,0.85,3,17,0,3,17,0.0,False,1.0
10,2,gumbel,11,1032154,STD_NOTEARS,0.5555555555555556,0.2,17,4,5,16,9,0.0,False,1.0
10,2,gumbel,11,1032154,STD_LOCAL_BIC_EXACT,0.5555555555555556,0.2,17,4,5,16,9,0.0,False,1.0
10,2,gumbel,12,1032155,NOTEARS,0.05555555555555555,0.85,4,17,1,3,18,0.0,False,1.0
10,2,gumbel,12,1032155,LOCAL_BIC_EXACT,0.0,0.85,3,17,0,3,17,0.0,False,1.0
10,2,gumbel,12,1032155,LOCAL_BIC_GREEDY,0.0,0.85,3,17,0,3,17,0.0,False,1.0
10,2,gumbel,12,1032155,STD_NOTEARS,0.2,0.4,14,8,2,12,10,0.0,False,1.0
10,2,gumbel,12,1032155,STD_LOCAL_BIC_EXACT,0.2,0.4,14,8,2,12,10,0.0,False,1.0
10,2,gumbel,13,1032156,NOTEARS,0.05263157894736842,0.9,3,18,1,2,19,0.0,False,1.0
10,2,gumbel,13,1032156,LOCAL_BIC_EXACT,0.05263157894736842,0.9,3,18,1,2,19,0.0,False,1.0
10,2,gumbel,13,1032156,LOCAL_BIC_GREEDY,0.05263157894736842,0.9,3,18,1,2,19,0.0,False,1.0
10,2,gumbel,13,1032156,STD_NOTEARS,0.5555555555555556,0.2,19,4,5,16,9,0.0,False,1.0
10,2,gumbel,13,1032156,STD_LOCAL_BIC_EXACT,0.5555555555555556,0.2,19,4,5,16,9,0.0,False,1.0
10,2,gumbel,14,1032157,NOTEARS,0.0,1.0,0,20,0,0,20,0.0,False,1.0
10,2,gumbel,14,1032157,LOCAL_BIC_EXACT,0.0,1.0,0,20,0,0,20,0.0,False,1.0
10,2,gumbel,14,1032157,LOCAL_BIC_GREEDY,0.0,1.0,0,20,0,0,20,0.0,False,1.0
10,2,gumbel,14,1032157,STD_NOTEARS,0.8666666666666667,0.1,23,2,13,18,15,0.0,False,1.0
10,2,gumbel,14,1032157,STD_LOCAL_BIC_EXACT,0.8666666666666667,0.1,23,2,13,18,15,0.0,False,1.0
10,2,gumbel,15,1032158,NOTEARS,0.0,1.0,0,20,0,0,20,0.0,False,1.0
10,2,gumbel,15,1032158,LOCAL_BIC_EXACT,0.0,1.0,0,20,0,0,20,0.0,False,1.0
10,2,gumbel,15,1032158,LOCAL_BIC_GREEDY,0.0,1.0,0,20,0,0,20,0.0,False,1.0
10,2,gumbel,15,1032158,STD_NOTEARS,0.8461538461538461,0.1,23,2,11,18,13,0.0,False,1.0
10,2,gumbel,15,1032158,STD_LOCAL_BIC_EXACT,0.8461538461538461,0.1,23,2,11,18,13,0.0,False,1.0
10,2,gumbel,16,1032159,NOTEARS,0.14285714285714285,0.9,4,18,3,2,21,0.0,False,1.0
10,2,gumbel,16,1032159,LOCAL_BIC_EXACT,0.14285714285714285,0.9,4,18,3,2,21,0.0,False,1.0
10,2,gumbel,16,1032159,LOCAL_BIC_GREEDY,0.14285714285714285,0.9,4,18,3,2,21,0.0,False,1.0
10,2,gumbel,16,1032159,STD_NOTEARS,0.9,0.05,23,1,9,19,10,0.0,False,1.0
10,2,gumbel,16,1032159,STD_LOCAL_BIC_EXACT,0.9,0.05,23,1,9,19,10,0.0,False,1.0
10,2,gumbel,17,1032160,NOTEARS,0.0,0.85,3,17,0,3,17,0.0,False,1.0
10,2,gumbel,17,1032160,LOCAL_BIC_EXACT,0.0,0.85,3,17,0,3,17,0.0,False,1.0
10,2,gumbel,17,1032160,LOCAL_BIC_GREEDY,0.0,0.85,3,17,0,3,17,0.0,False,1.0
10,2,gumbel,17,1032160,STD_NOTEARS,0.7777777777777778,0.1,23,2,7,18,9,0.0,False,1.0
10,2,gumbel,17,1032160,STD_LOCAL_BIC_EXACT,0.7777777777777778,0.1,23,2,7,18,9,0.0,False,1.0
10,2,gumbel,18,1032161,NOTEARS,0.15384615384615385,0.55,9,11,2,9,13,0.0,False,1.0
10,2,gumbel,18,1032161,LOCAL_BIC_EXACT,0.15384615384615385,0.55,9,11,2,9,13,0.0,False,1.0
10,2,gumbel,18,1032161,LOCAL_BIC_GREEDY,0.15384615384615385,0.55,9,11,2,9,13,0.0,False,1.0
10,2,gumbel,18,1032161,STD_NOTEARS,0.6363636363636364,0.2,16,4,7,16,11,0.0,False,1.0
10,2,gumbel,18,1032161,STD_LOCAL_BIC_EXACT,0.6,0.2,16,4,6,16,10,0.0,False,1.0
10,2,gumbel,19,1032162,NOTEARS,0.047619047619047616,1.0,1,20,1,0,21,0.0,False,1.0
10,2,gumbel,19,1032162,LOCAL_BIC_EXACT,0.0,1.0,0,20,0,0,20,0.0,False,1.0
10,2,gumbel,19,1032162,LOCAL_BIC_GREEDY,0.0,1.0,0,20,0,0,20,0.0,False,1.0
10,2,gumbel,19,1032162,STD_NOTEARS,0.7142857142857143,0.2,20,4,10,16,14,0.0,False,1.0
10,2,gumbel,19,1032162,STD_LOCAL_BIC_EXACT,0.7142857142857143,0.2,20,4,10,16,14,0.0,False,1.0
10,5,normal,0,1062123,NOTEARS,0.19047619047619047,0.85,7,17,4,3,21,0.0,False,1.0
10,5,normal,0,1062123,LOCAL_BIC_EXACT,0.05555555555555555,0.85,4,17,1,3,18,0.0,False,1.0
10,5,normal,0,1062123,LOCAL_BIC_GREEDY,0.05555555555555555,0.85,4,17,1,3,18,0.0,False,1.0
10,5,normal,0,1062123,STD_NOTEARS,0.4444444444444444,0.25,16,5,4,15,9,0.0,False,1.0
10,5,normal,0,1062123,STD_LOCAL_BIC_EXACT,0.4444444444444444,0.25,16,5,4,15,9,0.0,False,1.0
10,5,normal,1,1062124,NOTEARS,0.0625,0.75,6,15,1,5,16,0.0,False,1.0
10,5,normal,1,1062124,LOCAL_BIC_EXACT,0.06666666666666667,0.7,7,14,1,6,15,0.0,False,1.0
10,5,normal,1,1062124,LOCAL_BIC_GREEDY,0.06666666666666667,0.7,7,14,1,6,15,0.0,False,1.0
10,5,normal,1,1062124,STD_NOTEARS,0.9090909090909091,0.05,21,1,10,19,11,0.0,False,1.0
10,5,normal,1,1062124,STD_LOCAL_BIC_EXACT,0.9090909090909091,0.05,21,1,10,19,11,0.0,False,1.0
10,5,normal,2,1062125,NOTEARS,0.23809523809523808,0.8,8,16,5,4,21,0.0,False,1.0
10,5,normal,2,1062125,LOCAL_BIC_EXACT,0.2,0.8,7,16,4,4,20,0.0,False,1.0
10,5,normal,2,1062125,LOCAL_BIC_GREEDY,0.2,0.8,7,16,4,4,20,0.0,False,1.0
10,5,normal,2,1062125,STD_NOTEARS,0.8,0.1,23,2,8,18,10,0.0,False,1.0
10,5,normal,2,1062125,STD_LOCAL_BIC_EXACT,0.8,0.1,23,2,8,18,10,0.0,False,1.0
10,5,normal,3,1062126,NOTEARS,0.16666666666666666,0.75,8,15,3,5,18,0.0,False,1.0
10,5,normal,3,1062126,LOCAL_BIC_EXACT,0.11764705882352941,0.75,7,15,2,5,17,0.0,False,1.0
10,5,normal,3,1062126,LOCAL_BIC_GREEDY,0.11764705882352941,0.75,7,15,2,5,17,0.0,False,1.0
10,5,normal,3,1062126,STD_NOTEARS,0.6428571428571429,0.25,20,5,9,15,14,0.0,False,1.0
10,5,normal,3,1062126,STD_LOCAL_BIC_EXACT,0.6428571428571429,0.25,20,5,9,15,14,0.0,False,1.0
10,5,normal,4,1062127,NOTEARS,0.0,0.8,4,16,0,4,16,0.0,False,1.0
10,5,normal,4,1062127,LOCAL_BIC_EXACT,0.0,0.8,4,16,0,4,16,0.0,False,1.0
10,5,normal,4,1062127,LOCAL_BIC_GREEDY,0.0,0.8,4,16,0,4,16,0.0,False,1.0
10,5,normal,4,1062127,STD_NOTEARS,0.8,0.1,22,2,8,18,10,0.0,False,1.0
10,5,normal,4,1062127,STD_LOCAL_BIC_EXACT,0.8,0.1,22,2,8,18,10,0.0,False,1.0
10,5,normal,5,1062128,NOTEARS,0.15,0.85,6,17,3,3,20,0.0,False,1.0
10,5,normal,5,1062128,LOCAL_BIC_EXACT,0.10526315789473684,0.85,5,17,2,3,19,0.0,False,1.0
10,5,normal,5,1062128,LOCAL_BIC_GREEDY,0.10526315789473684,0.85,5,17,2,3,19,0.0,False,1.0
10,5,normal,5,1062128,STD_NOTEARS,0.6666666666666666,0.15,19,3,6,17,9,0.0,False,1.0
10,5,normal,5,1062128,STD_LOCAL_BIC_EXACT,0.6666666666666666,0.15,19,3,6,17,9,0.0,False,1.0
10,5,normal,6,1062129,NOTEARS,0.10526315789473684,0.85,5,17,2,3,19,0.0,False,1.0
10,5,normal,6,1062129,LOCAL_BIC_EXACT,0.05555555555555555,0.85,4,17,1,3,18,0.0,False,1.0
10,5,normal,6,1062129,LOCAL_BIC_GREEDY,0.05555555555555555,0.85,4,17,1,3,18,0.0,False,1.0
10,5,normal,6,1062129,STD_NOTEARS,0.8,0.1,22,2,8,18,10,0.0,False,1.0
10,5,normal,6,1062129,STD_LOCAL_BIC_EXACT,0.7777777777777778,0.1,21,2,7,18,9,0.0,False,1.0
10,5,normal,7,1062130,NOTEARS,0.3333333333333333,0.9,11,18,9,2,27,0.0,False,1.0
10,5,normal,7,1062130,LOCAL_BIC_EXACT,0.1,0.9,4,18,2,2,20,0.0,False,1.0
10,5,normal,7,1062130,LOCAL_BIC_GREEDY,0.1,0.9,4,18,2,2,20,0.0,False,1.0
10,5,normal,7,1062130,STD_NOTEARS,0.8,0.1,21,2,8,18,10,0.0,False,1.0
10,5,normal,7,1062130,STD_LOCAL_BIC_EXACT,0.8,0.1,21,2,8,18,10,0.0,False,1.0
10,5,normal,8,1062131,NOTEARS,0.1111111111111111,0.8,6,16,2,4,18,0.0,False,1.0
10,5,normal,8,1062131,LOCAL_BIC_EXACT,0.058823529411764705,0.8,5,16,1,4,17,0.0,False,1.0
10,5,normal,8,1062131,LOCAL_BIC_GREEDY,0.058823529411764705,0.8,5,16,1,4,17,0.0,False,1.0
10,5,normal,8,1062131,STD_NOTEARS,0.75,0.1,22,2,6,18,8,0.0,False,1.0
10,5,normal,8,1062131,STD_LOCAL_BIC_EXACT,0.75,0.1,22,2,6,18,8,0.0,False,1.0
10,5,normal,9,1062132,NOTEARS,0.11764705882352941,0.75,7,15,2,5,17,0.0,False,1.0
10,5,normal,9,1062132,LOCAL_BIC_EXACT,0.11764705882352941,0.75,7,15,2,5,17,0.0,False,1.0
10,5,normal,9,1062132,LOCAL_BIC_GREEDY,0.11764705882352941,0.75,7,15,2,5,17,0.0,False,1.0
10,5,normal,9,1062132,STD_NOTEARS,0.7777777777777778,0.1,21,2,7,18,9,0.0,False,1.0
10,5,normal,9,1062132,STD_LOCAL_BIC_EXACT,0.7777777777777778,0.1,21,2,7,18,9,0.0,False,1.0
10,5,normal,10,1062133,NOTEARS,0.15,0.85,6,17,3,3,20,0.0,False,1.0
10,5,normal,10,1062133,LOCAL_BIC_EXACT,0.10526315789473684,0.85,5,17,2,3,19,0.0,False,1.0
10,5,normal,10,1062133,LOCAL_BIC_GREEDY,0.10526315789473684,0.85,5,17,2,3,19,0.0,False,1.0
10,5,normal,10,1062133,STD_NOTEARS,0.5833333333333334,0.25,19,5,7,15,12,0.0,False,1.0
10,5,normal,10,1062133,STD_LOCAL_BIC_EXACT,0.5833333333333334,0.25,19,5,7,15,12,0.0,False,1.0
10,5,normal,11,1062134,NOTEARS,0.21052631578947367,0.75,9,15,4,5,19,0.0,False,1.0
10,5,normal,11,1062134,LOCAL_BIC_EXACT,0.11764705882352941,0.75,7,15,2,5,17,0.0,False,1.0
10,5,normal,11,1062134,LOCAL_BIC_GREEDY,0.11764705882352941,0.75,7,15,2,5,17,0.0,False,1.0
10,5,normal,11,1062134,STD_NOTEARS,0.8,0.1,20,2,8,18,10,0.0,False,1.0
10,5,normal,11,1062134,STD_LOCAL_BIC_EXACT,0.8,0.1,20,2,8,18,10,0.0,False,1.0
10,5,normal,12,1062135,NOTEARS,0.0625,0.75,6,15,1,5,16,0.0,False,1.0
10,5,normal,12,1062135,LOCAL_BIC_EXACT,0.0,0.75,5,15,0,5,15,0.0,False,1.0
10,5,normal,12,1062135,LOCAL_BIC_GREEDY,0.0,0.75,5,15,0,5,15,0.0,False,1.0
10,5,normal,12,1062135,STD_NOTEARS,0.625,0.15,18,3,5,17,8,0.0,False,1.0
10,5,normal,12,1062135,STD_LOCAL_BIC_EXACT,0.625,0.15,18,3,5,17,8,0.0,False,1.0
10,5,normal,13,1062136,NOTEARS,0.0,0.8,4,16,0,4,16,0.0,False,1.0
10,5,normal,13,1062136,LOCAL_BIC_EXACT,0.0,0.8,4,16,0,4,16,0.0,False,1.0
10,5,normal,13,1062136,LOCAL_BIC_GREEDY,0.0,0.8,4,16,0,4,16,0.0,False,1.0
10,5,normal,13,1062136,STD_NOTEARS,0.5454545454545454,0.25,17,5,6,15,11,0.0,False,1.0
10,5,normal,13,1062136,STD_LOCAL_BIC_EXACT,0.5454545454545454,0.25,17,5,6,15,11,0.0,False,1.0
10,5,normal,14,1062137,NOTEARS,0.15,0.85,6,17,3,3,20,0.0,False,1.0
10,5,normal,14,1062137,LOCAL_BIC_EXACT,0.058823529411764705,0.8,5,16,1,4,17,0.0,False,1.0
10,5,normal,14,1062137,LOCAL_BIC_GREEDY,0.058823529411764705,0.8,5,16,1,4,17,0.0,False,1.0
10,5,normal,14,1062137,STD_NOTEARS,0.5454545454545454,0.25,18,5,6,15,11,0.0,False,1.0
10,5,normal,14,1062137,STD_LOCAL_BIC_EXACT,0.5454545454545454,0.25,18,5,6,15,11,0.0,False,1.0
10,5,normal,15,1062138,NOTEARS,0.09523809523809523,0.95,3,19,2,1,21,0.0,False,1.0
10,5,normal,15,1062138,LOCAL_BIC_EXACT,0.0,0.95,1,19,0,1,19,0.0,False,1.0
10,5,normal,15,1062138,LOCAL_BIC_GREEDY,0.0,0.95,1,19,0,1,19,0.0,False,1.0
10,5,normal,15,1062138,STD_NOTEARS,0.8181818181818182,0.1,21,2,9,18,11,0.0,False,1.0
10,5,normal,15,1062138,STD_LOCAL_BIC_EXACT,0.8181818181818182,0.1,21,2,9,18,11,0.0,False,1.0
10,5,normal,16,1062139,NOTEARS,0.3125,0.55,13,11,5,9,16,0.0,False,1.0
10,5,normal,16,1062139,LOCAL_BIC_EXACT,0.15384615384615385,0.55,10,11,2,9,13,0.0,False,1.0
10,5,normal,16,1062139,LOCAL_BIC_GREEDY,0.15384615384615385,0.55,10,11,2,9,13,0.0,False,1.0
10,5,normal,16,1062139,STD_NOTEARS,0.6666666666666666,0.15,20,3,6,17,9,0.0,False,1.0
10,5,normal,16,1062139,STD_LOCAL_BIC_EXACT,0.6666666666666666,0.15,20,3,6,17,9,0.0,False,1.0
10,5,normal,17,1062140,NOTEARS,0.05,0.95,2,19,1,1,20,0.0,False,1.0
10,5,normal,17,1062140,LOCAL_BIC_EXACT,0.05,0.95,2,19,1,1,20,0.0,False,1.0
10,5,normal,17,1062140,LOCAL_BIC_GREEDY,0.05,0.95,2,19,1,1,20,0.0,False,1.0
10,5,normal,17,1062140,STD_NOTEARS,0.8333333333333334,0.1,23,2,10,18,12,0.0,False,1.0
10,5,normal,17,1062140,STD_LOCAL_BIC_EXACT,0.8333333333333334,0.1,23,2,10,18,12,0.0,False,1.0
10,5,normal,18,1062141,NOTEARS,0.2,0.8,7,16,4,4,20,0.0,False,1.0
10,5,normal,18,1062141,LOCAL_BIC_EXACT,0.1111111111111111,0.8,5,16,2,4,18,0.0,False,1.0
10,5,normal,18,1062141,LOCAL_BIC_GREEDY,0.1111111111111111,0.8,5,16,2,4,18,0.0,False,1.0
10,5,normal,18,1062141,STD_NOTEARS,0.6666666666666666,0.15,19,3,6,17,9,0.0,False,1.0
10,5,normal,18,1062141,STD_LOCAL_BIC_EXACT,0.6666666666666666,0.15,19,3,6,17,9,0.0,False,1.0
10,5,normal,19,1062142,NOTEARS,0.15789473684210525,0.8,6,16,3,4,19,0.0,False,1.0
10,5,normal,19,1062142,LOCAL_BIC_EXACT,0.1111111111111111,0.8,5,16,2,4,18,0.0,False,1.0
10,5,normal,19,1062142,LOCAL_BIC_GREEDY,0.1111111111111111,0.8,5,16,2,4,18,0.0,False,1.0
10,5,normal,19,1062142,STD_NOTEARS,0.8181818181818182,0.1,24,2,9,18,11,0.0,False,1.0
10,5,normal,19,1062142,STD_LOCAL_BIC_EXACT,0.8181818181818182,0.1,24,2,9,18,11,0.0,False,1.0
10,5,exponential,0,1062133,NOTEARS,0.15,0.85,6,17,3,3,20,0.0,False,1.0
10,5,exponential,0,1062133,LOCAL_BIC_EXACT,0.10526315789473684,0.85,5,17,2,3,19,0.0,False,1.0
10,5,exponential,0,1062133,LOCAL_BIC_GREEDY,0.10526315789473684,0.85,5,17,2,3,19,0.0,False,1.0
10,5,exponential,0,1062133,STD_NOTEARS,0.5,0.25,18,5,5,15,10,0.0,False,1.0
10,5,exponential,0,1062133,STD_LOCAL_BIC_EXACT,0.5,0.25,18,5,5,15,10,0.0,False,1.0
10,5,exponential,1,1062134,NOTEARS,0.2222222222222222,0.7,10,14,4,6,18,0.0,False,1.0
10,5,exponential,1,1062134,LOCAL_BIC_EXACT,0.17647058823529413,0.7,9,14,3,6,17,0.0,False,1.0
10,5,exponential,1,1062134,LOCAL_BIC_GREEDY,0.17647058823529413,0.7,9,14,3,6,17,0.0,False,1.0
10,5,exponential,1,1062134,STD_NOTEARS,0.8,0.1,20,2,8,18,10,0.0,False,1.0
10,5,exponential,1,1062134,STD_LOCAL_BIC_EXACT,0.8,0.1,20,2,8,18,10,0.0,False,1.0
10,5,exponential,2,1062135,NOTEARS,0.0625,0.75,6,15,1,5,16,0.0,False,1.0
10,5,exponential,2,1062135,LOCAL_BIC_EXACT,0.0,0.75,5,15,0,5,15,0.0,False,1.0
10,5,exponential,2,1062135,LOCAL_BIC_GREEDY,0.0,0.75,5,15,0,5,15,0.0,False,1.0
10,5,exponential,2,1062135,STD_NOTEARS,0.5555555555555556,0.2,18,4,5,16,9,0.0,False,1.0
10,5,exponential,2,1062135,STD_LOCAL_BIC_EXACT,0.5555555555555556,0.2,18,4,5,16,9,0.0,False,1.0
10,5,exponential,3,1062136,NOTEARS,0.058823529411764705,0.8,5,16,1,4,17,0.0,False,1.0
10,5,exponential,3,1062136,LOCAL_BIC_EXACT,0.0,0.8,4,16,0,4,16,0.0,False,1.0
10,5,exponential,3,1062136,LOCAL_BIC_GREEDY,0.0,0.8,4,16,0,4,16,0.0,False,1.0
10,5,exponential,3,1062136,STD_NOTEARS,0.5454545454545454,0.25,16,5,6,15,11,0.0,False,1.0
10,5,exponential,3,1062136,STD_LOCAL_BIC_EXACT,0.5454545454545454,0.25,16,5,6,15,11,0.0,False,1.0
10,5,exponential,4,1062137,NOTEARS,0.15789473684210525,0.8,7,16,3,4,19,0.0,False,1.0
10,5,exponential,4,1062137,LOCAL_BIC_EXACT,0.11764705882352941,0.75,7,15,2,5,17,0.0,False,1.0
10,5,exponential,4,1062137,LOCAL_BIC_GREEDY,0.11764705882352941,0.75,7,15,2,5,17,0.0,False,1.0
10,5,exponential,4,1062137,STD_NOTEARS,0.6,0.2,18,4,6,16,10,0.0,False,1.0
10,5,exponential,4,1062137,STD_LOCAL_BIC_EXACT,0.6,0.2,18,4,6,16,10,0.0,False,1.0
10,5,exponential,5,1062138,NOTEARS,0.10526315789473684,0.85,5,17,2,3,19,0.0,False,1.0
10,5,exponential,5,1062138,LOCAL_BIC_EXACT,0.05555555555555555,0.85,4,17,1,3,18,0.0,False,1.0
10,5,exponential,5,1062138,LOCAL_BIC_GREEDY,0.05555555555555555,0.85,4,17,1,3,18,0.0,False,1.0
10,5,exponential,5,1062138,STD_NOTEARS,0.8181818181818182,0.1,21,2,9,18,11,0.0,False,1.0
10,5,exponential,5,1062138,STD_LOCAL_BIC_EXACT,0.8181818181818182,0.1,21,2,9,18,11,0.0,False,1.0
10,5,exponential,6,1062139,NOTEARS,0.26666666666666666,0.55,12,11,4,9,15,0.0,False,1.0
10,5,exponential,6,1062139,LOCAL_BIC_EXACT,0.15384615384615385,0.55,10,11,2,9,13,0.0,False,1.0
10,5,exponential,6,1062139,LOCAL_BIC_GREEDY,0.15384615384615385,0.55,10,11,2,9,13,0.0,False,1.0
10,5,exponential,6,1062139,STD_NOTEARS,0.5555555555555556,0.2,19,4,5,16,9,0.0,False,1.0
10,5,exponential,6,1062139,STD_LOCAL_BIC_EXACT,0.5555555555555556,0.2,19,4,5,16,9,0.0,False,1.0
10,5,exponential,7,1062140,NOTEARS,0.05,0.95,2,19,1,1,20,0.0,False,1.0
10,5,exponential,7,1062140,LOCAL_BIC_EXACT,0.05,0.95,2,19,1,1,20,0.0,False,1.0
10,5,exponential,7,1062140,LOCAL_BIC_GREEDY,0.05,0.95,2,19,1,1,20,0.0,False,1.0
10,5,exponential,7,1062140,STD_NOTEARS,0.75,0.15,22,3,9,17,12,0.0,False,1.0
10,5,exponential,7,1062140,STD_LOCAL_BIC_EXACT,0.75,0.15,22,3,9,17,12,0.0,False,1.0
10,5,exponential,8,1062141,NOTEARS,0.15,0.85,5,17,3,3,20,0.0,False,1.0
10,5,exponential,8,1062141,LOCAL_BIC_EXACT,0.05555555555555555,0.85,3,17,1,3,18,0.0,False,1.0
10,5,exponential,8,1062141,LOCAL_BIC_GREEDY,0.05555555555555555,0.85,3,17,1,3,18,0.0,False,1.0
10,5,exponential,8,1062141,STD_NOTEARS,0.6666666666666666,0.15,19,3,6,17,9,0.0,False,1.0
10,5,exponential,8,1062141,STD_LOCAL_BIC_EXACT,0.6666666666666666,0.15,19,3,6,17,9,0.0,False,1.0
10,5,exponential,9,1062142,NOTEARS,0.1111111111111111,0.8,5,16,2,4,18,0.0,False,1.0
10,5,exponential,9,1062142,LOCAL_BIC_EXACT,0.1111111111111111,0.8,5,16,2,4,18,0.0,False,1.0
10,5,exponential,9,1062142,LOCAL_BIC_GREEDY,0.1111111111111111,0.8,5,16,2,4,18,0.0,False,1.0
10,5,exponential,9,1062142,STD_NOTEARS,0.8333333333333334,0.1,24,2,10,18,12,0.0,False,1.0
10,5,exponential,9,1062142,STD_LOCAL_BIC_EXACT,0.8333333333333334,0.1,24,2,10,18,12,0.0,False,1.0
10,5,exponential,10,1062143,NOTEARS,0.13333333333333333,0.65,9,13,2,7,15,0.0,False,1.0
10,5,exponential,10,1062143,LOCAL_BIC_EXACT,0.07142857142857142,0.65,8,13,1,7,14,0.0,False,1.0
10,5,exponential,10,1062143,LOCAL_BIC_GREEDY,0.07142857142857142,0.65,8,13,1,7,14,0.0,False,1.0
10,5,exponential,10,1062143,STD_NOTEARS,0.8,0.1,21,2,8,18,10,0.0,False,1.0
10,5,exponential,10,1062143,STD_LOCAL_BIC_EXACT,0.8,0.1,21,2,8,18,10,0.0,False,1.0
10,5,exponential,11,1062144,NOTEARS,0.05555555555555555,0.85,4,17,1,3,18,0.0,False,1.0
10,5,exponential,11,1062144,LOCAL_BIC_EXACT,0.0,0.85,3,17,0,3,17,0.0,False,1.0
10,5,exponential,11,1062144,LOCAL_BIC_GREEDY,0.0,0.85,3,17,0,3,17,0.0,False,1.0
10,5,exponential,11,1062144,STD_NOTEARS,0.9,0.05,22,1,9,19,10,0.0,False,1.0
10,5,exponential,11,1062144,STD_LOCAL_BIC_EXACT,0.9,0.05,22,1,9,19,10,0.0,False,1.0
10,5,exponential,12,1062145,NOTEARS,0.2692307692307692,0.95,8,19,7,1,26,0.0,False,1.0
10,5,exponential,12,1062145,LOCAL_BIC_EXACT,0.0,0.95,1,19,0,1,19,0.0,False,1.0
10,5,exponential,12,1062145,LOCAL_BIC_GREEDY,0.0,0.95,1,19,0,1,19,0.0,False,1.0
10,5,exponential,12,1062145,STD_NOTEARS,0.6666666666666666,0.15,18,3,6,17,9,0.0,False,1.0
10,5,exponential,12,1062145,STD_LOCAL_BIC_EXACT,0.6666666666666666,0.15,18,3,6,17,9,0.0,False,1.0
10,5,exponential,13,1062146,NOTEARS,0.2608695652173913,0.85,9,17,6,3,23,0.0,False,1.0
10,5,exponential,13,1062146,LOCAL_BIC_EXACT,0.15,0.85,6,17,3,3,20,0.0,False,1.0
10,5,exponential,13,1062146,LOCAL_BIC_GREEDY,0.15,0.85,6,17,3,3,20,0.0,False,1.0
10,5,exponential,13,1062146,STD_NOTEARS,0.5833333333333334,0.25,19,5,7,15,12,0.0,False,1.0
10,5,exponential,13,1062146,STD_LOCAL_BIC_EXACT,0.5833333333333334,0.25,19,5,7,15,12,0.0,False,1.0
10,5,exponential,14,1062147,NOTEARS,0.0,1.0,0,20,0,0,20,0.0,False,1.0
10,5,exponential,14,1062147,LOCAL_BIC_EXACT,0.0,1.0,0,20,0,0,20,0.0,False,1.0
10,5,exponential,14,1062147,LOCAL_BIC_GREEDY,0.0,1.0,0,20,0,0,20,0.0,False,1.0
10,5,exponential,14,1062147,STD_NOTEARS,0.75,0.15,19,3,9,17,12,0.0,False,1.0
10,5,exponential,14,1062147,STD_LOCAL_BIC_EXACT,0.75,0.15,19,3,9,17,12,0.0,False,1.0
10,5,exponential,15,1062148,NOTEARS,0.39285714285714285,0.85,14,17,11,3,28,0.0,False,1.0
10,5,exponential,15,1062148,LOCAL_BIC_EXACT,0.10526315789473684,0.85,5,17,2,3,19,0.0,False,1.0
10,5,exponential,15,1062148,LOCAL_BIC_GREEDY,0.10526315789473684,0.85,5,17,2,3,19,0.0,False,1.0
10,5,exponential,15,1062148,STD_NOTEARS,1.0,0.0,21,0,8,20,8,0.0,False,1.0
10,5,exponential,15,1062148,STD_LOCAL_BIC_EXACT,1.0,0.0,21,0,8,20,8,0.0,False,1.0
10,5,exponential,16,1062149,NOTEARS,0.058823529411764705,0.8,5,16,1,4,17,0.0,False,1.0
10,5,exponential,16,1062149,LOCAL_BIC_EXACT,0.0,0.8,4,16,0,4,16,0.0,False,1.0
10,5,exponential,16,1062149,LOCAL_BIC_GREEDY,0.0,0.8,4,16,0,4,16,0.0,False,1.0
10,5,exponential,16,1062149,STD_NOTEARS,0.7,0.15,20,3,7,17,10,0.0,False,1.0
10,5,exponential,16,1062149,STD_LOCAL_BIC_EXACT,0.7,0.15,20,3,7,17,10,0.0,False,1.0
10,5,exponential,17,1062150,NOTEARS,0.34782608695652173,0.75,13,15,8,5,23,0.0,False,1.0
10,5,exponential,17,1062150,LOCAL_BIC_EXACT,0.21052631578947367,0.75,9,15,4,5,19,0.0,False,1.0
10,5,exponential,17,1062150,LOCAL_BIC_GREEDY,0.21052631578947367,0.75,9,15,4,5,19,0.0,False,1.0
10,5,exponential,17,1062150,STD_NOTEARS,0.75,0.1,20,2,6,18,8,0.0,False,1.0
10,5,exponential,17,1062150,STD_LOCAL_BIC_EXACT,0.75,0.1,20,2,6,18,8,0.0,False,1.0
10,5,exponential,18,1062151,NOTEARS,0.06666666666666667,0.7,7,14,1,6,15,0.0,False,1.0
10,5,exponential,18,1062151,LOCAL_BIC_EXACT,0.0,0.7,6,14,0,6,14,0.0,False,1.0
10,5,exponential,18,1062151,LOCAL_BIC_GREEDY,0.0,0.7,6,14,0,6,14,0.0,False,1.0
10,5,exponential,18,1062151,STD_NOTEARS,0.4444444444444444,0.25,16,5,4,15,9,0.0,False,1.0
10,5,exponential,18,1062151,STD_LOCAL_BIC_EXACT,0.4444444444444444,0.25,16,5,4,15,9,0.0,False,1.0
10,5,exponential,19,1062152,NOTEARS,0.1111111111111111,0.8,6,16,2,4,18,0.0,False,1.0
10,5,exponential,19,1062152,LOCAL_BIC_EXACT,0.1111111111111111,0.8,6,16,2,4,18,0.0,False,1.0
10,5,exponential,19,1062152,LOCAL_BIC_GREEDY,0.1111111111111111,0.8,6,16,2,4,18,0.0,False,1.0
10,5,exponential,19,1062152,STD_NOTEARS,0.6363636363636364,0.2,19,4,7,16,11,0.0,False,1.0
10,5,exponential,19,1062152,STD_LOCAL_BIC_EXACT,0.6363636363636364,0.2,19,4,7,16,11,0.0,False,1.0
10,5,gumbel,0,1062143,NOTEARS,0.1875,0.65,10,13,3,7,16,0.0,False,1.0
10,5,gumbel,0,1062143,LOCAL_BIC_EXACT,0.13333333333333333,0.65,9,13,2,7,15,0.0,False,1.0
10,5,gumbel,0,1062143,LOCAL_BIC_GREEDY,0.13333333333333333,0.65,9,13,2,7,15,0.0,False,1.0
10,5,gumbel,0,1062143,STD_NOTEARS,0.8181818181818182,0.1,22,2,9,18,11,0.0,False,1.0
10,5,gumbel,0,1062143,STD_LOCAL_BIC_EXACT,0.8,0.1,21,2,8,18,10,0.0,False,1.0
10,5,gumbel,1,1062144,NOTEARS,0.05555555555555555,0.85,4,17,1,3,18,0.0,False,1.0
10,5,gumbel,1,1062144,LOCAL_BIC_EXACT,0.0,0.85,3,17,0,3,17,0.0,False,1.0
10,5,gumbel,1,1062144,LOCAL_BIC_GREEDY,0.0,0.85,3,17,0,3,17,0.0,False,1.0
10,5,gumbel,1,1062144,STD_NOTEARS,0.9,0.05,22,1,9,19,10,0.0,False,1.0
10,5,gumbel,1,1062144,STD_LOCAL_BIC_EXACT,0.9,0.05,22,1,9,19,10,0.0,False,1.0
10,5,gumbel,2,1062145,NOTEARS,0.2692307692307692,0.95,8,19,7,1,26,0.0,False,1.0
10,5,gumbel,2,1062145,LOCAL_BIC_EXACT,0.0,0.95,1,19,0,1,19,0.0,False,1.0
10,5,gumbel,2,1062145,LOCAL_BIC_GREEDY,0.0,0.95,1,19,0,1,19,0.0,False,1.0
10,5,gumbel,2,1062145,STD_NOTEARS,0.7777777777777778,0.1,22,2,7,18,9,0.0,False,1.0
10,5,gumbel,2,1062145,STD_LOCAL_BIC_EXACT,0.7777777777777778,0.1,22,2,7,18,9,0.0,False,1.0
10,5,gumbel,3,1062146,NOTEARS,0.18181818181818182,0.9,6,18,4,2,22,0.0,False,1.0
10,5,gumbel,3,1062146,LOCAL_BIC_EXACT,0.05263157894736842,0.9,3,18,1,2,19,0.0,False,1.0
10,5,gumbel,3,1062146,LOCAL_BIC_GREEDY,0.05263157894736842,0.9,3,18,1,2,19,0.0,False,1.0
10,5,gumbel,3,1062146,STD_NOTEARS,0.7777777777777778,0.1,20,2,7,18,9,0.0,False,1.0
10,5,gumbel,3,1062146,STD_LOCAL_BIC_EXACT,0.7777777777777778,0.1,20,2,7,18,9,0.0,False,1.0
10,5,gumbel,4,1062147,NOTEARS,0.0,1.0,0,20,0,0,20,0.0,False,1.0
10,5,gumbel,4,1062147,LOCAL_BIC_EXACT,0.0,1.0,0,20,0,0,20,0.0,False,1.0
10,5,gumbel,4,1062147,LOCAL_BIC_GREEDY,0.0,1.0,0,20,0,0,20,0.0,False,1.0
10,5,gumbel,4,1062147,STD_NOTEARS,0.8,0.1,20,2,8,18,10,0.0,False,1.0
10,5,gumbel,4,1062147,STD_LOCAL_BIC_EXACT,0.8,0.1,20,2,8,18,10,0.0,False,1.0
10,5,gumbel,5,1062148,NOTEARS,0.37037037037037035,0.85,13,17,10,3,27,0.0,False,1.0
10,5,gumbel,5,1062148,LOCAL_BIC_EXACT,0.10526315789473684,0.85,5,17,2,3,19,0.0,False,1.0
10,5,gumbel,5,1062148,LOCAL_BIC_GREEDY,0.10526315789473684,0.85,5,17,2,3,19,0.0,False,1.0
10,5,gumbel,5,1062148,STD_NOTEARS,1.0,0.0,21,0,8,20,8,0.0,False,1.0
10,5,gumbel,5,1062148,STD_LOCAL_BIC_EXACT,1.0,0.0,21,0,8,20,8,0.0,False,1.0
10,5,gumbel,6,1062149,NOTEARS,0.17647058823529413,0.7,9,14,3,6,17,0.0,False,1.0
10,5,gumbel,6,1062149,LOCAL_BIC_EXACT,0.125,0.7,8,14,2,6,16,0.0,False,1.0
10,5,gumbel,6,1062149,LOCAL_BIC_GREEDY,0.125,0.7,8,14,2,6,16,0.0,False,1.0
10,5,gumbel,6,1062149,STD_NOTEARS,0.5454545454545454,0.25,16,5,6,15,11,0.0,False,1.0
10,5,gumbel,6,1062149,STD_LOCAL_BIC_EXACT,0.5454545454545454,0.25,16,5,6,15,11,0.0,False,1.0
10,5,gumbel,7,1062150,NOTEARS,0.38461538461538464,0.8,14,16,10,4,26,0.0,False,1.0
10,5,gumbel,7,1062150,LOCAL_BIC_EXACT,0.11764705882352941,0.75,7,15,2,5,17,0.0,False,1.0
10,5,gumbel,7,1062150,LOCAL_BIC_GREEDY,0.11764705882352941,0.75,7,15,2,5,17,0.0,False,1.0
10,5,gumbel,7,1062150,STD_NOTEARS,0.875,0.05,22,1,7,19,8,0.0,False,1.0
10,5,gumbel,7,1062150,STD_LOCAL_BIC_EXACT,0.875,0.05,22,1,7,19,8,0.0,False,1.0
10,5,gumbel,8,1062151,NOTEARS,0.2222222222222222,0.7,10,14,4,6,18,0.0,False,1.0
10,5,gumbel,8,1062151,LOCAL_BIC_EXACT,0.125,0.7,8,14,2,6,16,0.0,False,1.0
10,5,gumbel,8,1062151,LOCAL_BIC_GREEDY,0.125,0.7,8,14,2,6,16,0.0,False,1.0
10,5,gumbel,8,1062151,STD_NOTEARS,0.5,0.25,16,5,5,15,10,0.0,False,1.0
10,5,gumbel,8,1062151,STD_LOCAL_BIC_EXACT,0.4444444444444444,0.25,15,5,4,15,9,0.0,False,1.0
10,5,gumbel,9,1062152,NOTEARS,0.058823529411764705,0.8,5,16,1,4,17,0.0,False,1.0
10,5,gumbel,9,1062152,LOCAL_BIC_EXACT,0.0,0.8,4,16,0,4,16,0.0,False,1.0
10,5,gumbel,9,1062152,LOCAL_BIC_GREEDY,0.0,0.8,4,16,0,4,16,0.0,False,1.0
10,5,gumbel,9,1062152,STD_NOTEARS,0.6363636363636364,0.2,19,4,7,16,11,0.0,False,1.0
10,5,gumbel,9,1062152,STD_LOCAL_BIC_EXACT,0.6363636363636364,0.2,19,4,7,16,11,0.0,False,1.0
10,5,gumbel,10,1062153,NOTEARS,0.46153846153846156,0.7,17,14,12,6,26,0.0,False,1.0
10,5,gumbel,10,1062153,LOCAL_BIC_EXACT,0.3333333333333333,0.7,12,14,7,6,21,0.0,False,1.0
10,5,gumbel,10,1062153,LOCAL_BIC_GREEDY,0.3333333333333333,0.7,12,14,7,6,21,0.0,False,1.0
10,5,gumbel,10,1062153,STD_NOTEARS,0.8888888888888888,0.05,23,1,8,19,9,0.0,False,1.0
10,5,gumbel,10,1062153,STD_LOCAL_BIC_EXACT,0.8888888888888888,0.05,23,1,8,19,9,0.0,False,1.0
10,5,gumbel,11,1062154,NOTEARS,0.25,0.9,8,18,6,2,24,0.0,False,1.0
10,5,gumbel,11,1062154,LOCAL_BIC_EXACT,0.18181818181818182,0.9,6,18,4,2,22,0.0,False,1.0
10,5,gumbel,11,1062154,LOCAL_BIC_GREEDY,0.18181818181818182,0.9,6,18,4,2,22,0.0,False,1.0
10,5,gumbel,11,1062154,STD_NOTEARS,0.6,0.2,18,4,6,16,10,0.0,False,1.0
10,5,gumbel,11,1062154,STD_LOCAL_BIC_EXACT,0.6,0.2,18,4,6,16,10,0.0,False,1.0
10,5,gumbel,12,1062155,NOTEARS,0.09523809523809523,0.95,3,19,2,1,21,0.0,False,1.0
10,5,gumbel,12,1062155,LOCAL_BIC_EXACT,0.0,0.95,1,19,0,1,19,0.0,False,1.0
10,5,gumbel,12,1062155,LOCAL_BIC_GREEDY,0.0,0.95,1,19,0,1,19,0.0,False,1.0
10,5,gumbel,12,1062155,STD_NOTEARS,0.5833333333333334,0.25,17,5,7,15,12,0.0,False,1.0
10,5,gumbel,12,1062155,STD_LOCAL_BIC_EXACT,0.5833333333333334,0.25,17,5,7,15,12,0.0,False,1.0
10,5,gumbel,13,1062156,NOTEARS,0.1111111111111111,0.8,6,16,2,4,18,0.0,False,1.0
10,5,gumbel,13,1062156,LOCAL_BIC_EXACT,0.0,0.8,4,16,0,4,16,0.0,False,1.0
10,5,gumbel,13,1062156,LOCAL_BIC_GREEDY,0.0,0.8,4,16,0,4,16,0.0,False,1.0
10,5,gumbel,13,1062156,STD_NOTEARS,0.7,0.15,20,3,7,17,10,0.0,False,1.0
10,5,gumbel,13,1062156,STD_LOCAL_BIC_EXACT,0.7,0.15,20,3,7,17,10,0.0,False,1.0
10,5,gumbel,14,1062157,NOTEARS,0.05,0.95,1,19,1,1,20,0.0,False,1.0
10,5,gumbel,14,1062157,LOCAL_BIC_EXACT,0.05,0.95,1,19,1,1,20,0.0,False,1.0
10,5,gumbel,14,1062157,LOCAL_BIC_GREEDY,0.05,0.95,1,19,1,1,20,0.0,False,1.0
10,5,gumbel,14,1062157,STD_NOTEARS,0.4,0.3,16,6,4,14,10,0.0,False,1.0
10,5,gumbel,14,1062157,STD_LOCAL_BIC_EXACT,0.4,0.3,16,6,4,14,10,0.0,False,1.0
10,5,gumbel,15,1062158,NOTEARS,0.3157894736842105,0.65,13,13,6,7,19,0.0,False,1.0
10,5,gumbel,15,1062158,LOCAL_BIC_EXACT,0.07142857142857142,0.65,8,13,1,7,14,0.0,False,1.0
10,5,gumbel,15,1062158,LOCAL_BIC_GREEDY,0.07142857142857142,0.65,8,13,1,7,14,0.0,False,1.0
10,5,gumbel,15,1062158,STD_NOTEARS,0.7777777777777778,0.1,20,2,7,18,9,0.0,False,1.0
10,5,gumbel,15,1062158,STD_LOCAL_BIC_EXACT,0.7777777777777778,0.1,20,2,7,18,9,0.0,False,1.0
10,5,gumbel,16,1062159,NOTEARS,0.2608695652173913,0.85,8,17,6,3,23,0.0,False,1.0
10,5,gumbel,16,1062159,LOCAL_BIC_EXACT,0.15,0.85,5,17,3,3,20,0.0,False,1.0
10,5,gumbel,16,1062159,LOCAL_BIC_GREEDY,0.15,0.85,5,17,3,3,20,0.0,False,1.0
10,5,gumbel,16,1062159,STD_NOTEARS,0.8888888888888888,0.05,24,1,8,19,9,0.0,False,1.0
10,5,gumbel,16,1062159,STD_LOCAL_BIC_EXACT,0.8888888888888888,0.05,24,1,8,19,9,0.0,False,1.0
10,5,gumbel,17,1062160,NOTEARS,0.09090909090909091,1.0,2,20,2,0,22,0.0,False,1.0
10,5,gumbel,17,1062160,LOCAL_BIC_EXACT,0.0,1.0,0,20,0,0,20,0.0,False,1.0
10,5,gumbel,17,1062160,LOCAL_BIC_GREEDY,0.0,1.0,0,20,0,0,20,0.0,False,1.0
10,5,gumbel,17,1062160,STD_NOTEARS,0.7272727272727273,0.15,20,3,8,17,11,0.0,False,1.0
10,5,gumbel,17,1062160,STD_LOCAL_BIC_EXACT,0.7272727272727273,0.15,20,3,8,17,11,0.0,False,1.0
10,5,gumbel,18,1062161,NOTEARS,0.17647058823529413,0.7,9,14,3,6,17,0.0,False,1.0
10,5,gumbel,18,1062161,LOCAL_BIC_EXACT,0.125,0.7,8,14,2,6,16,0.0,False,1.0
10,5,gumbel,18,1062161,LOCAL_BIC_GREEDY,0.125,0.7,8,14,2,6,16,0.0,False,1.0
10,5,gumbel,18,1062161,STD_NOTEARS,0.4,0.3,17,6,4,14,10,0.0,False,1.0
10,5,gumbel,18,1062161,STD_LOCAL_BIC_EXACT,0.4,0.3,17,6,4,14,10,0.0,False,1.0
10,5,gumbel,19,1062162,NOTEARS,0.05555555555555555,0.85,4,17,1,3,18,0.0,False,1.0
10,5,gumbel,19,1062162,LOCAL_BIC_EXACT,0.05555555555555555,0.85,4,17,1,3,18,0.0,False,1.0
10,5,gumbel,19,1062162,LOCAL_BIC_GREEDY,0.05555555555555555,0.85,4,17,1,3,18,0.0,False,1.0
10,5,gumbel,19,1062162,STD_NOTEARS,0.9,0.05,21,1,9,19,10,0.0,False,1.0
10,5,gumbel,19,1062162,STD_LOCAL_BIC_EXACT,0.9,0.05,21,1,9,19,10,0.0,False,1.0
20,2,normal,0,2032123,NOTEARS,0.02631578947368421,0.925,4,37,1,3,38,0.0,False,1.0
20,2,normal,0,2032123,LOCAL_BIC_EXACT,0.02631578947368421,0.925,4,37,1,3,38,0.0,False,1.0
20,2,normal,0,2032123,LOCAL_BIC_GREEDY,0.02631578947368421,0.925,4,37,1,3,38,0.0,False,1.0
20,2,normal,0,2032123,STD_NOTEARS,0.5416666666666666,0.275,36,11,13,29,24,0.0,False,1.0
20,2,normal,0,2032123,STD_LOCAL_BIC_EXACT,0.5416666666666666,0.275,36,11,13,29,24,0.0,False,1.0
20,2,normal,1,2032124,NOTEARS,0.0,0.975,1,39,0,1,39,0.0,False,1.0
20,2,normal,1,2032124,LOCAL_BIC_EXACT,0.0,0.975,1,39,0,1,39,0.0,False,1.0
20,2,normal,1,2032124,LOCAL_BIC_GREEDY,0.0,0.975,1,39,0,1,39,0.0,False,1.0
20,2,normal,1,2032124,STD_NOTEARS,0.64,0.225,36,9,16,31,25,0.0,False,1.0
20,2,normal,1,2032124,STD_LOCAL_BIC_EXACT,0.64,0.225,36,9,16,31,25,0.0,False,1.0
20,2,normal,2,2032125,NOTEARS,0.02702702702702703,0.9,4,36,1,4,37,0.0,False,1.0
20,2,normal,2,2032125,LOCAL_BIC_EXACT,0.02702702702702703,0.9,4,36,1,4,37,0.0,False,1.0
20,2,normal,2,2032125,LOCAL_BIC_GREEDY,0.02702702702702703,0.9,4,36,1,4,37,0.0,False,1.0
20,2,normal,2,2032125,STD_NOTEARS,0.5217391304347826,0.275,32,11,12,29,23,0.0,False,1.0
20,2,normal,2,2032125,STD_LOCAL_BIC_EXACT,0.5217391304347826,0.275,32,11,12,29,23,0.0,False,1.0
20,2,normal,3,2032126,NOTEARS,0.02631578947368421,0.925,3,37,1,3,38,0.0,False,1.0
20,2,normal,3,2032126,LOCAL_BIC_EXACT,0.02631578947368421,0.925,3,37,1,3,38,0.0,False,1.0
20,2,normal,3,2032126,LOCAL_BIC_GREEDY,0.02631578947368421,0.925,3,37,1,3,38,0.0,False,1.0
20,2,normal,3,2032126,STD_NOTEARS,0.6086956521739131,0.225,36,9,14,31,23,0.0,False,1.0
20,2,normal,3,2032126,STD_LOCAL_BIC_EXACT,0.6086956521739131,0.225,36,9,14,31,23,0.0,False,1.0
20,2,normal,4,2032127,NOTEARS,0.0,0.975,1,39,0,1,39,0.0,False,1.0
20,2,normal,4,2032127,LOCAL_BIC_EXACT,0.0,0.975,1,39,0,1,39,0.0,False,1.0
20,2,normal,4,2032127,LOCAL_BIC_GREEDY,0.0,0.975,1,39,0,1,39,0.0,False,1.0
20,2,normal,4,2032127,STD_NOTEARS,0.8095238095238095,0.1,42,4,17,36,21,0.0,False,1.0
20,2,normal,4,2032127,STD_LOCAL_BIC_EXACT,0.8095238095238095,0.1,42,4,17,36,21,0.0,False,1.0
20,2,normal,5,2032128,NOTEARS,0.0,0.975,1,39,0,1,39,0.0,False,1.0
20,2,normal,5,2032128,LOCAL_BIC_EXACT,0.0,0.975,1,39,0,1,39,0.0,False,1.0
20,2,normal,5,2032128,LOCAL_BIC_GREEDY,0.0,0.975,1,39,0,1,39,0.0,False,1.0
20,2,normal,5,2032128,STD_NOTEARS,0.5217391304347826,0.275,34,11,12,29,23,0.0,False,1.0
20,2,normal,5,2032128,STD_LOCAL_BIC_EXACT,0.5217391304347826,0.275,34,11,12,29,23,0.0,False,1.0
20,2,normal,6,2032129,NOTEARS,0.0,0.975,1,39,0,1,39,0.0,False,1.0
20,2,normal,6,2032129,LOCAL_BIC_EXACT,0.0,0.975,1,39,0,1,39,0.0,False,1.0
20,2,normal,6,2032129,LOCAL_BIC_GREEDY,0.0,0.975,1,39,0,1,39,0.0,False,1.0
20,2,normal,6,2032129,STD_NOTEARS,0.6428571428571429,0.25,37,10,18,30,28,0.0,False,1.0
20,2,normal,6,2032129,STD_LOCAL_BIC_EXACT,0.6428571428571429,0.25,37,10,18,30,28,0.0,False,1.0
20,2,normal,7,2032130,NOTEARS,0.0,0.975,1,39,0,1,39,0.0,False,1.0
20,2,normal,7,2032130,LOCAL_BIC_EXACT,0.0,0.975,1,39,0,1,39,0.0,False,1.0
20,2,normal,7,2032130,LOCAL_BIC_GREEDY,0.0,0.975,1,39,0,1,39,0.0,False,1.0
20,2,normal,7,2032130,STD_NOTEARS,0.75,0.15,41,6,18,34,24,0.0,False,1.0
20,2,normal,7,2032130,STD_LOCAL_BIC_EXACT,0.75,0.15,41,6,18,34,24,0.0,False,1.0
20,2,normal,8,2032131,NOTEARS,0.0,1.0,0,40,0,0,40,0.0,False,1.0
20,2,normal,8,2032131,LOCAL_BIC_EXACT,0.0,1.0,0,40,0,0,40,0.0,False,1.0
20,2,normal,8,2032131,LOCAL_BIC_GREEDY,0.0,1.0,0,40,0,0,40,0.0,False,1.0
20,2,normal,8,2032131,STD_NOTEARS,0.7727272727272727,0.125,45,5,17,35,22,0.0,False,1.0
20,2,normal,8,2032131,STD_LOCAL_BIC_EXACT,0.7727272727272727,0.125,45,5,17,35,22,0.0,False,1.0
20,2,normal,9,2032132,NOTEARS,0.07894736842105263,0.875,7,35,3,5,38,0.0,False,1.0
20,2,normal,9,2032132,LOCAL_BIC_EXACT,0.07894736842105263,0.875,7,35,3,5,38,0.0,False,1.0
20,2,normal,9,2032132,LOCAL_BIC_GREEDY,0.07894736842105263,0.875,7,35,3,5,38,0.0,False,1.0
20,2,normal,9,2032132,STD_NOTEARS,0.64,0.225,37,9,16,31,25,0.0,False,1.0
20,2,normal,9,2032132,STD_LOCAL_BIC_EXACT,0.625,0.225,37,9,15,31,24,0.0,False,1.0
20,2,normal,10,2032133,NOTEARS,0.0,0.875,5,35,0,5,35,0.0,False,1.0
20,2,normal,10,2032133,LOCAL_BIC_EXACT,0.0,0.875,5,35,0,5,35,0.0,False,1.0
20,2,normal,10,2032133,LOCAL_BIC_GREEDY,0.0,0.875,5,35,0,5,35,0.0,False,1.0
20,2,normal,10,2032133,STD_NOTEARS,0.391304347826087,0.35,27,14,9,26,23,0.0,False,1.0
20,2,normal,10,2032133,STD_LOCAL_BIC_EXACT,0.391304347826087,0.35,27,14,9,26,23,0.0,False,1.0
20,2,normal,11,2032134,NOTEARS,0.0,0.975,1,39,0,1,39,0.0,False,1.0
20,2,normal,11,2032134,LOCAL_BIC_EXACT,0.0,0.975,1,39,0,1,39,0.0,False,1.0
20,2,normal,11,2032134,LOCAL_BIC_GREEDY,0.0,0.975,1,39,0,1,39,0.0,False,1.0
20,2,normal,11,2032134,STD_NOTEARS,0.6,0.2,36,8,12,32,20,0.0,False,1.0
20,2,normal,11,2032134,STD_LOCAL_BIC_EXACT,0.6,0.2,36,8,12,32,20,0.0,False,1.0
20,2,normal,12,2032135,NOTEARS,0.07692307692307693,0.9,6,36,3,4,39,0.0,False,1.0
20,2,normal,12,2032135,LOCAL_BIC_EXACT,0.07692307692307693,0.9,6,36,3,4,39,0.0,False,1.0
20,2,normal,12,2032135,LOCAL_BIC_GREEDY,0.07692307692307693,0.9,6,36,3,4,39,0.0,False,1.0
20,2,normal,12,2032135,STD_NOTEARS,0.72,0.175,40,7,18,33,25,0.0,False,1.0
20,2,normal,12,2032135,STD_LOCAL_BIC_EXACT,0.72,0.175,40,7,18,33,25,0.0,False,1.0
20,2,normal,13,2032136,NOTEARS,0.15384615384615385,0.825,11,33,6,7,39,0.0,False,1.0
20,2,normal,13,2032136,LOCAL_BIC_EXACT,0.15384615384615385,0.825,11,33,6,7,39,0.0,False,1.0
20,2,normal,13,2032136,LOCAL_BIC_GREEDY,0.15384615384615385,0.825,11,33,6,7,39,0.0,False,1.0
20,2,normal,13,2032136,STD_NOTEARS,0.6086956521739131,0.225,40,9,14,31,23,0.0,False,1.0
20,2,normal,13,2032136,STD_LOCAL_BIC_EXACT,0.5909090909090909,0.225,39,9,13,31,22,0.0,False,1.0
20,2,normal,14,2032137,NOTEARS,0.15789473684210525,0.8,14,32,6,8,38,0.0,False,1.0
20,2,normal,14,2032137,LOCAL_BIC_EXACT,0.058823529411764705,0.8,10,32,2,8,34,0.0,False,1.0
20,2,normal,14,2032137,LOCAL_BIC_GREEDY,0.058823529411764705,0.8,10,32,2,8,34,0.0,False,1.0
20,2,normal,14,2032137,STD_NOTEARS,0.5909090909090909,0.225,38,9,13,31,22,0.0,False,1.0
20,2,normal,14,2032137,STD_LOCAL_BIC_EXACT,0.5909090909090909,0.225,38,9,13,31,22,0.0,False,1.0
20,2,normal,15,2032138,NOTEARS,0.0,1.0,0,40,0,0,40,0.0,False,1.0
20,2,normal,15,2032138,LOCAL_BIC_EXACT,0.0,1.0,0,40,0,0,40,0.0,False,1.0
20,2,normal,15,2032138,LOCAL_BIC_GREEDY,0.0,1.0,0,40,0,0,40,0.0,False,1.0
20,2,normal,15,2032138,STD_NOTEARS,0.625,0.225,38,9,15,31,24,0.0,False,1.0
20,2,normal,15,2032138,STD_LOCAL_BIC_EXACT,0.625,0.225,38,9,15,31,24,0.0,False,1.0
20,2,normal,16,2032139,NOTEARS,0.0,0.975,1,39,0,1,39,0.0,False,1.0
20,2,normal,16,2032139,LOCAL_BIC_EXACT,0.0,0.975,1,39,0,1,39,0.0,False,1.0
20,2,normal,16,2032139,LOCAL_BIC_GREEDY,0.0,0.975,1,39,0,1,39,0.0,False,1.0
20,2,normal,16,2032139,STD_NOTEARS,0.6071428571428571,0.275,31,11,17,29,28,0.0,False,1.0
20,2,normal,16,2032139,STD_LOCAL_BIC_EXACT,0.6071428571428571,0.275,31,11,17,29,28,0.0,False,1.0
20,2,normal,17,2032140,NOTEARS,0.05405405405405406,0.875,6,35,2,5,37,0.0,False,1.0
20,2,normal,17,2032140,LOCAL_BIC_EXACT,0.05405405405405406,0.875,6,35,2,5,37,0.0,False,1.0
20,2,normal,17,2032140,LOCAL_BIC_GREEDY,0.05405405405405406,0.875,6,35,2,5,37,0.0,False,1.0
20,2,normal,17,2032140,STD_NOTEARS,0.5652173913043478,0.25,36,10,13,30,23,0.0,False,1.0
20,2,normal,17,2032140,STD_LOCAL_BIC_EXACT,0.5652173913043478,0.25,36,10,13,30,23,0.0,False,1.0
20,2,normal,18,2032141,NOTEARS,0.05555555555555555,0.85,8,34,2,6,36,0.0,False,1.0
20,2,normal,18,2032141,LOCAL_BIC_EXACT,0.05555555555555555,0.85,8,34,2,6,36,0.0,False,1.0
20,2,normal,18,2032141,LOCAL_BIC_GREEDY,0.05555555555555555,0.85,8,34,2,6,36,0.0,False,1.0
20,2,normal,18,2032141,STD_NOTEARS,0.47619047619047616,0.275,29,11,10,29,21,0.0,False,1.0
20,2,normal,18,2032141,STD_LOCAL_BIC_EXACT,0.47619047619047616,0.275,29,11,10,29,21,0.0,False,1.0
20,2,normal,19,2032142,NOTEARS,0.024390243902439025,1.0,1,40,1,0,41,0.0,False,1.0
20,2,normal,19,2032142,LOCAL_BIC_EXACT,0.0,1.0,0,40,0,0,40,0.0,False,1.0
20,2,normal,19,2032142,LOCAL_BIC_GREEDY,0.0,1.0,0,40,0,0,40,0.0,False,1.0
20,2,normal,19,2032142,STD_NOTEARS,0.5652173913043478,0.25,34,10,13,30,23,0.0,False,1.0
20,2,normal,19,2032142,STD_LOCAL_BIC_EXACT,0.5652173913043478,0.25,34,10,13,30,23,0.0,False,1.0
20,2,exponential,0,2032133,NOTEARS,0.027777777777777776,0.875,5,35,1,5,36,0.0,False,1.0
20,2,exponential,0,2032133,LOCAL_BIC_EXACT,0.027777777777777776,0.875,5,35,1,5,36,0.0,False,1.0
20,2,exponential,0,2032133,LOCAL_BIC_GREEDY,0.027777777777777776,0.875,5,35,1,5,36,0.0,False,1.0
20,2,exponential,0,2032133,STD_NOTEARS,0.5416666666666666,0.275,31,11,13,29,24,0.0,False,1.0
20,2,exponential,0,2032133,STD_LOCAL_BIC_EXACT,0.5416666666666666,0.275,31,11,13,29,24,0.0,False,1.0
20,2,exponential,1,2032134,NOTEARS,0.05,0.95,3,38,2,2,40,0.0,False,1.0
20,2,exponential,1,2032134,LOCAL_BIC_EXACT,0.05,0.95,3,38,2,2,40,0.0,False,1.0
20,2,exponential,1,2032134,LOCAL_BIC_GREEDY,0.05,0.95,3,38,2,2,40,0.0,False,1.0
20,2,exponential,1,2032134,STD_NOTEARS,0.47368421052631576,0.25,32,10,9,30,19,0.0,False,1.0
20,2,exponential,1,2032134,STD_LOCAL_BIC_EXACT,0.47368421052631576,0.25,32,10,9,30,19,0.0,False,1.0
20,2,exponential,2,2032135,NOTEARS,0.07894736842105263,0.875,7,35,3,5,38,0.0,False,1.0
20,2,exponential,2,2032135,LOCAL_BIC_EXACT,0.07894736842105263,0.875,7,35,3,5,38,0.0,False,1.0
20,2,exponential,2,2032135,LOCAL_BIC_GREEDY,0.07894736842105263,0.875,7,35,3,5,38,0.0,False,1.0
20,2,exponential,2,2032135,STD_NOTEARS,0.7391304347826086,0.15,41,6,17,34,23,0.0,False,1.0
20,2,exponential,2,2032135,STD_LOCAL_BIC_EXACT,0.7391304347826086,0.15,41,6,17,34,23,0.0,False,1.0
20,2,exponential,3,2032136,NOTEARS,0.125,0.875,9,35,5,5,40,0.0,False,1.0
20,2,exponential,3,2032136,LOCAL_BIC_EXACT,0.125,0.875,9,35,5,5,40,0.0,False,1.0
20,2,exponential,3,2032136,LOCAL_BIC_GREEDY,0.125,0.875,9,35,5,5,40,0.0,False,1.0
20,2,exponential,3,2032136,STD_NOTEARS,0.5238095238095238,0.25,37,10,11,30,21,0.0,False,1.0
20,2,exponential,3,2032136,STD_LOCAL_BIC_EXACT,0.5238095238095238,0.25,37,10,11,30,21,0.0,False,1.0
20,2,exponential,4,2032137,NOTEARS,0.0,0.925,3,37,0,3,37,0.0,False,1.0
20,2,exponential,4,2032137,LOCAL_BIC_EXACT,0.0,0.925,3,37,0,3,37,0.0,False,1.0
20,2,exponential,4,2032137,LOCAL_BIC_GREEDY,0.0,0.925,3,37,0,3,37,0.0,False,1.0
20,2,exponential,4,2032137,STD_NOTEARS,0.7727272727272727,0.125,42,5,17,35,22,0.0,False,1.0
20,2,exponential,4,2032137,STD_LOCAL_BIC_EXACT,0.7727272727272727,0.125,42,5,17,35,22,0.0,False,1.0
20,2,exponential,5,2032138,NOTEARS,0.0,1.0,0,40,0,0,40,0.0,False,1.0
20,2,exponential,5,2032138,LOCAL_BIC_EXACT,0.0,1.0,0,40,0,0,40,0.0,False,1.0
20,2,exponential,5,2032138,LOCAL_BIC_GREEDY,0.0,1.0,0,40,0,0,40,0.0,False,1.0
20,2,exponential,5,2032138,STD_NOTEARS,0.7,0.15,42,6,14,34,20,0.0,False,1.0
20,2,exponential,5,2032138,STD_LOCAL_BIC_EXACT,0.7,0.15,42,6,14,34,20,0.0,False,1.0
20,2,exponential,6,2032139,NOTEARS,0.0,0.975,1,39,0,1,39,0.0,False,1.0
20,2,exponential,6,2032139,LOCAL_BIC_EXACT,0.0,0.975,1,39,0,1,39,0.0,False,1.0
20,2,exponential,6,2032139,LOCAL_BIC_GREEDY,0.0,0.975,1,39,0,1,39,0.0,False,1.0
20,2,exponential,6,2032139,STD_NOTEARS,0.6153846153846154,0.25,31,10,16,30,26,0.0,False,1.0
20,2,exponential,6,2032139,STD_LOCAL_BIC_EXACT,0.6153846153846154,0.25,31,10,16,30,26,0.0,False,1.0
20,2,exponential,7,2032140,NOTEARS,0.13157894736842105,0.825,9,33,5,7,38,0.0,False,1.0
20,2,exponential,7,2032140,LOCAL_BIC_EXACT,0.13157894736842105,0.825,9,33,5,7,38,0.0,False,1.0
20,2,exponential,7,2032140,LOCAL_BIC_GREEDY,0.13157894736842105,0.825,9,33,5,7,38,0.0,False,1.0
20,2,exponential,7,2032140,STD_NOTEARS,0.42857142857142855,0.3,32,12,9,28,21,0.0,False,1.0
20,2,exponential,7,2032140,STD_LOCAL_BIC_EXACT,0.42857142857142855,0.3,32,12,9,28,21,0.0,False,1.0
20,2,exponential,8,2032141,NOTEARS,0.02564102564102564,0.95,2,38,1,2,39,0.0,False,1.0
20,2,exponential,8,2032141,LOCAL_BIC_EXACT,0.02564102564102564,0.95,2,38,1,2,39,0.0,False,1.0
20,2,exponential,8,2032141,LOCAL_BIC_GREEDY,0.02564102564102564,0.95,2,38,1,2,39,0.0,False,1.0
20,2,exponential,8,2032141,STD_NOTEARS,0.6923076923076923,0.2,36,8,18,32,26,0.0,False,1.0
20,2,exponential,8,2032141,STD_LOCAL_BIC_EXACT,0.6923076923076923,0.2,36,8,18,32,26,0.0,False,1.0
20,2,exponential,9,2032142,NOTEARS,0.0,1.0,0,40,0,0,40,0.0,False,1.0
20,2,exponential,9,2032142,LOCAL_BIC_EXACT,0.0,1.0,0,40,0,0,40,0.0,False,1.0
20,2,exponential,9,2032142,LOCAL_BIC_GREEDY,0.0,1.0,0,40,0,0,40,0.0,False,1.0
20,2,exponential,9,2032142,STD_NOTEARS,0.45454545454545453,0.3,31,12,10,28,22,0.0,False,1.0
20,2,exponential,9,2032142,STD_LOCAL_BIC_EXACT,0.45454545454545453,0.3,31,12,10,28,22,0.0,False,1.0
20,2,exponential,10,2032143,NOTEARS,0.07692307692307693,0.9,5,36,3,4,39,0.0,False,1.0
20,2,exponential,10,2032143,LOCAL_BIC_EXACT,0.07692307692307693,0.9,5,36,3,4,39,0.0,False,1.0
20,2,exponential,10,2032143,LOCAL_BIC_GREEDY,0.07692307692307693,0.9,5,36,3,4,39,0.0,False,1.0
20,2,exponential,10,2032143,STD_NOTEARS,0.7142857142857143,0.15,40,6,15,34,21,0.0,False,1.0
20,2,exponential,10,2032143,STD_LOCAL_BIC_EXACT,0.7142857142857143,0.15,40,6,15,34,21,0.0,False,1.0
20,2,exponential,11,2032144,NOTEARS,0.02564102564102564,0.95,3,38,1,2,39,0.0,False,1.0
20,2,exponential,11,2032144,LOCAL_BIC_EXACT,0.02564102564102564,0.95,3,38,1,2,39,0.0,False,1.0
20,2,exponential,11,2032144,LOCAL_BIC_GREEDY,0.02564102564102564,0.95,3,38,1,2,39,0.0,False,1.0
20,2,exponential,11,2032144,STD_NOTEARS,0.44,0.35,29,14,11,26,25,0.0,False,1.0
20,2,exponential,11,2032144,STD_LOCAL_BIC_EXACT,0.4166666666666667,0.35,28,14,10,26,24,0.0,False,1.0
20,2,exponential,12,2032145,NOTEARS,0.02857142857142857,0.85,6,34,1,6,35,0.0,False,1.0
20,2,exponential,12,2032145,LOCAL_BIC_EXACT,0.02857142857142857,0.85,6,34,1,6,35,0.0,False,1.0
20,2,exponential,12,2032145,LOCAL_BIC_GREEDY,0.02857142857142857,0.85,6,34,1,6,35,0.0,False,1.0
20,2,exponential,12,2032145,STD_NOTEARS,0.5454545454545454,0.25,33,10,12,30,22,0.0,False,1.0
20,2,exponential,12,2032145,STD_LOCAL_BIC_EXACT,0.5454545454545454,0.25,33,10,12,30,22,0.0,False,1.0
20,2,exponential,13,2032146,NOTEARS,0.0,0.975,1,39,0,1,39,0.0,False,1.0
20,2,exponential,13,2032146,LOCAL_BIC_EXACT,0.0,0.975,1,39,0,1,39,0.0,False,1.0
20,2,exponential,13,2032146,LOCAL_BIC_GREEDY,0.0,0.975,1,39,0,1,39,0.0,False,1.0
20,2,exponential,13,2032146,STD_NOTEARS,0.5833333333333334,0.25,36,10,14,30,24,0.0,False,1.0
20,2,exponential,13,2032146,STD_LOCAL_BIC_EXACT,0.5833333333333334,0.25,36,10,14,30,24,0.0,False,1.0
20,2,exponential,14,2032147,NOTEARS,0.025,0.975,2,39,1,1,40,0.0,False,1.0
20,2,exponential,14,2032147,LOCAL_BIC_EXACT,0.025,0.975,2,39,1,1,40,0.0,False,1.0
20,2,exponential,14,2032147,LOCAL_BIC_GREEDY,0.025,0.975,2,39,1,1,40,0.0,False,1.0
20,2,exponential,14,2032147,STD_NOTEARS,0.6296296296296297,0.25,37,10,17,30,27,0.0,False,1.0
20,2,exponential,14,2032147,STD_LOCAL_BIC_EXACT,0.6153846153846154,0.25,36,10,16,30,26,0.0,False,1.0
20,2,exponential,15,2032148,NOTEARS,0.05,0.95,3,38,2,2,40,0.0,False,1.0
20,2,exponential,15,2032148,LOCAL_BIC_EXACT,0.05,0.95,3,38,2,2,40,0.0,False,1.0
20,2,exponential,15,2032148,LOCAL_BIC_GREEDY,0.05,0.95,3,38,2,2,40,0.0,False,1.0
20,2,exponential,15,2032148,STD_NOTEARS,0.4642857142857143,0.375,32,15,13,25,28,0.0,False,1.0
20,2,exponential,15,2032148,STD_LOCAL_BIC_EXACT,0.4642857142857143,0.375,32,15,13,25,28,0.0,False,1.0
20,2,exponential,16,2032149,NOTEARS,0.0,0.925,3,37,0,3,37,0.0,False,1.0
20,2,exponential,16,2032149,LOCAL_BIC_EXACT,0.0,0.925,3,37,0,3,37,0.0,False,1.0
20,2,exponential,16,2032149,LOCAL_BIC_GREEDY,0.0,0.925,3,37,0,3,37,0.0,False,1.0
20,2,exponential,16,2032149,STD_NOTEARS,0.5833333333333334,0.25,37,10,14,30,24,0.0,False,1.0
20,2,exponential,16,2032149,STD_LOCAL_BIC_EXACT,0.5833333333333334,0.25,37,10,14,30,24,0.0,False,1.0
20,2,exponential,17,2032150,NOTEARS,0.0,0.975,1,39,0,1,39,0.0,False,1.0
20,2,exponential,17,2032150,LOCAL_BIC_EXACT,0.0,0.975,1,39,0,1,39,0.0,False,1.0
20,2,exponential,17,2032150,LOCAL_BIC_GREEDY,0.0,0.975,1,39,0,1,39,0.0,False,1.0
20,2,exponential,17,2032150,STD_NOTEARS,0.7083333333333334,0.175,40,7,17,33,24,0.0,False,1.0
20,2,exponential,17,2032150,STD_LOCAL_BIC_EXACT,0.7083333333333334,0.175,40,7,17,33,24,0.0,False,1.0
20,2,exponential,18,2032151,NOTEARS,0.0,1.0,0,40,0,0,40,0.0,False,1.0
20,2,exponential,18,2032151,LOCAL_BIC_EXACT,0.0,1.0,0,40,0,0,40,0.0,False,1.0
20,2,exponential,18,2032151,LOCAL_BIC_GREEDY,0.0,1.0,0,40,0,0,40,0.0,False,1.0
20,2,exponential,18,2032151,STD_NOTEARS,0.5416666666666666,0.275,36,11,13,29,24,0.0,False,1.0
20,2,exponential,18,2032151,STD_LOCAL_BIC_EXACT,0.5416666666666666,0.275,36,11,13,29,24,0.0,False,1.0
20,2,exponential,19,2032152,NOTEARS,0.0,0.925,3,37,0,3,37,0.0,False,1.0
20,2,exponential,19,2032152,LOCAL_BIC_EXACT,0.0,0.925,3,37,0,3,37,0.0,False,1.0
20,2,exponential,19,2032152,LOCAL_BIC_GREEDY,0.0,0.925,3,37,0,3,37,0.0,False,1.0
20,2,exponential,19,2032152,STD_NOTEARS,0.6190476190476191,0.2,35,8,13,32,21,0.0,False,1.0
20,2,exponential,19,2032152,STD_LOCAL_BIC_EXACT,0.6190476190476191,0.2,35,8,13,32,21,0.0,False,1.0
20,2,gumbel,0,2032143,NOTEARS,0.07692307692307693,0.9,5,36,3,4,39,0.0,False,1.0
20,2,gumbel,0,2032143,LOCAL_BIC_EXACT,0.07692307692307693,0.9,5,36,3,4,39,0.0,False,1.0
20,2,gumbel,0,2032143,LOCAL_BIC_GREEDY,0.07692307692307693,0.9,5,36,3,4,39,0.0,False,1.0
20,2,gumbel,0,2032143,STD_NOTEARS,0.7391304347826086,0.15,42,6,17,34,23,0.0,False,1.0
20,2,gumbel,0,2032143,STD_LOCAL_BIC_EXACT,0.7391304347826086,0.15,42,6,17,34,23,0.0,False,1.0
20,2,gumbel,1,2032144,NOTEARS,0.05128205128205128,0.925,5,37,2,3,39,0.0,False,1.0
20,2,gumbel,1,2032144,LOCAL_BIC_EXACT,0.05128205128205128,0.925,5,37,2,3,39,0.0,False,1.0
20,2,gumbel,1,2032144,LOCAL_BIC_GREEDY,0.05128205128205128,0.925,5,37,2,3,39,0.0,False,1.0
20,2,gumbel,1,2032144,STD_NOTEARS,0.5454545454545454,0.25,37,10,12,30,22,0.0,False,1.0
20,2,gumbel,1,2032144,STD_LOCAL_BIC_EXACT,0.5454545454545454,0.25,37,10,12,30,22,0.0,False,1.0
20,2,gumbel,2,2032145,NOTEARS,0.02702702702702703,0.9,4,36,1,4,37,0.0,False,1.0
20,2,gumbel,2,2032145,LOCAL_BIC_EXACT,0.02702702702702703,0.9,4,36,1,4,37,0.0,False,1.0
20,2,gumbel,2,2032145,LOCAL_BIC_GREEDY,0.02702702702702703,0.9,4,36,1,4,37,0.0,False,1.0
20,2,gumbel,2,2032145,STD_NOTEARS,0.6086956521739131,0.225,35,9,14,31,23,0.0,False,1.0
20,2,gumbel,2,2032145,STD_LOCAL_BIC_EXACT,0.6086956521739131,0.225,35,9,14,31,23,0.0,False,1.0
20,2,gumbel,3,2032146,NOTEARS,0.0,0.95,2,38,0,2,38,0.0,False,1.0
20,2,gumbel,3,2032146,LOCAL_BIC_EXACT,0.0,0.95,2,38,0,2,38,0.0,False,1.0
20,2,gumbel,3,2032146,LOCAL_BIC_GREEDY,0.0,0.95,2,38,0,2,38,0.0,False,1.0
20,2,gumbel,3,2032146,STD_NOTEARS,0.6086956521739131,0.225,34,9,14,31,23,0.0,False,1.0
20,2,gumbel,3,2032146,STD_LOCAL_BIC_EXACT,0.6086956521739131,0.225,34,9,14,31,23,0.0,False,1.0
20,2,gumbel,4,2032147,NOTEARS,0.025,0.975,1,39,1,1,40,0.0,False,1.0
20,2,gumbel,4,2032147,LOCAL_BIC_EXACT,0.025,0.975,1,39,1,1,40,0.0,False,1.0
20,2,gumbel,4,2032147,LOCAL_BIC_GREEDY,0.025,0.975,1,39,1,1,40,0.0,False,1.0
20,2,gumbel,4,2032147,STD_NOTEARS,0.5833333333333334,0.25,35,10,14,30,24,0.0,False,1.0
20,2,gumbel,4,2032147,STD_LOCAL_BIC_EXACT,0.5833333333333334,0.25,35,10,14,30,24,0.0,False,1.0
20,2,gumbel,5,2032148,NOTEARS,0.0,1.0,0,40,0,0,40,0.0,False,1.0
20,2,gumbel,5,2032148,LOCAL_BIC_EXACT,0.0,1.0,0,40,0,0,40,0.0,False,1.0
20,2,gumbel,5,2032148,LOCAL_BIC_GREEDY,0.0,1.0,0,40,0,0,40,0.0,False,1.0
20,2,gumbel,5,2032148,STD_NOTEARS,0.5357142857142857,0.325,34,13,15,27,28,0.0,False,1.0
20,2,gumbel,5,2032148,STD_LOCAL_BIC_EXACT,0.5357142857142857,0.325,34,13,15,27,28,0.0,False,1.0
20,2,gumbel,6,2032149,NOTEARS,0.0,0.975,1,39,0,1,39,0.0,False,1.0
20,2,gumbel,6,2032149,LOCAL_BIC_EXACT,0.0,0.975,1,39,0,1,39,0.0,False,1.0
20,2,gumbel,6,2032149,LOCAL_BIC_GREEDY,0.0,0.975,1,39,0,1,39,0.0,False,1.0
20,2,gumbel,6,2032149,STD_NOTEARS,0.4166666666666667,0.35,32,14,10,26,24,0.0,False,1.0
20,2,gumbel,6,2032149,STD_LOCAL_BIC_EXACT,0.4166666666666667,0.35,32,14,10,26,24,0.0,False,1.0
20,2,gumbel,7,2032150,NOTEARS,0.025,0.975,2,39,1,1,40,0.0,False,1.0
20,2,gumbel,7,2032150,LOCAL_BIC_EXACT,0.0,0.975,1,39,0,1,39,0.0,False,1.0
20,2,gumbel,7,2032150,LOCAL_BIC_GREEDY,0.0,0.975,1,39,0,1,39,0.0,False,1.0
20,2,gumbel,7,2032150,STD_NOTEARS,0.5,0.325,33,13,13,27,26,0.0,False,1.0
20,2,gumbel,7,2032150,STD_LOCAL_BIC_EXACT,0.48,0.325,32,13,12,27,25,0.0,False,1.0
20,2,gumbel,8,2032151,NOTEARS,0.0,0.975,1,39,0,1,39,0.0,False,1.0
20,2,gumbel,8,2032151,LOCAL_BIC_EXACT,0.0,0.975,1,39,0,1,39,0.0,False,1.0
20,2,gumbel,8,2032151,LOCAL_BIC_GREEDY,0.0,0.975,1,39,0,1,39,0.0,False,1.0
20,2,gumbel,8,2032151,STD_NOTEARS,0.6086956521739131,0.225,39,9,14,31,23,0.0,False,1.0
20,2,gumbel,8,2032151,STD_LOCAL_BIC_EXACT,0.6086956521739131,0.225,39,9,14,31,23,0.0,False,1.0
20,2,gumbel,9,2032152,NOTEARS,0.0,0.95,2,38,0,2,38,0.0,False,1.0
20,2,gumbel,9,2032152,LOCAL_BIC_EXACT,0.0,0.95,2,38,0,2,38,0.0,False,1.0
20,2,gumbel,9,2032152,LOCAL_BIC_GREEDY,0.0,0.95,2,38,0,2,38,0.0,False,1.0
20,2,gumbel,9,2032152,STD_NOTEARS,0.5909090909090909,0.225,34,9,13,31,22,0.0,False,1.0
20,2,gumbel,9,2032152,STD_LOCAL_BIC_EXACT,0.5909090909090909,0.225,34,9,13,31,22,0.0,False,1.0
20,2,gumbel,10,2032153,NOTEARS,0.027777777777777776,0.875,5,35,1,5,36,0.0,False,1.0
20,2,gumbel,10,2032153,LOCAL_BIC_EXACT,0.027777777777777776,0.875,5,35,1,5,36,0.0,False,1.0
20,2,gumbel,10,2032153,LOCAL_BIC_GREEDY,0.027777777777777776,0.875,5,35,1,5,36,0.0,False,1.0
20,2,gumbel,10,2032153,STD_NOTEARS,0.9047619047619048,0.05,47,2,19,38,21,0.0,False,1.0
20,2,gumbel,10,2032153,STD_LOCAL_BIC_EXACT,0.9,0.05,46,2,18,38,20,0.0,False,1.0
20,2,gumbel,11,2032154,NOTEARS,0.0,0.95,2,38,0,2,38,0.0,False,1.0
20,2,gumbel,11,2032154,LOCAL_BIC_EXACT,0.0,0.95,2,38,0,2,38,0.0,False,1.0
20,2,gumbel,11,2032154,LOCAL_BIC_GREEDY,0.0,0.95,2,38,0,2,38,0.0,False,1.0
20,2,gumbel,11,2032154,STD_NOTEARS,0.4583333333333333,0.325,29,13,11,27,24,0.0,False,1.0
20,2,gumbel,11,2032154,STD_LOCAL_BIC_EXACT,0.4583333333333333,0.325,29,13,11,27,24,0.0,False,1.0
20,2,gumbel,12,2032155,NOTEARS,0.0,1.0,0,40,0,0,40,0.0,False,1.0
20,2,gumbel,12,2032155,LOCAL_BIC_EXACT,0.0,1.0,0,40,0,0,40,0.0,False,1.0
20,2,gumbel,12,2032155,LOCAL_BIC_GREEDY,0.0,1.0,0,40,0,0,40,0.0,False,1.0
20,2,gumbel,12,2032155,STD_NOTEARS,0.6521739130434783,0.2,37,8,15,32,23,0.0,False,1.0
20,2,gumbel,12,2032155,STD_LOCAL_BIC_EXACT,0.6521739130434783,0.2,37,8,15,32,23,0.0,False,1.0
20,2,gumbel,13,2032156,NOTEARS,0.025,0.975,2,39,1,1,40,0.0,False,1.0
20,2,gumbel,13,2032156,LOCAL_BIC_EXACT,0.025,0.975,2,39,1,1,40,0.0,False,1.0
20,2,gumbel,13,2032156,LOCAL_BIC_GREEDY,0.025,0.975,2,39,1,1,40,0.0,False,1.0
20,2,gumbel,13,2032156,STD_NOTEARS,0.4583333333333333,0.325,30,13,11,27,24,0.0,False,1.0
20,2,gumbel,13,2032156,STD_LOCAL_BIC_EXACT,0.4583333333333333,0.325,30,13,11,27,24,0.0,False,1.0
20,2,gumbel,14,2032157,NOTEARS,0.02702702702702703,0.9,4,36,1,4,37,0.0,False,1.0
20,2,gumbel,14,2032157,LOCAL_BIC_EXACT,0.02702702702702703,0.9,4,36,1,4,37,0.0,False,1.0
20,2,gumbel,14,2032157,LOCAL_BIC_GREEDY,0.02702702702702703,0.9,4,36,1,4,37,0.0,False,1.0
20,2,gumbel,14,2032157,STD_NOTEARS,0.782608695652174,0.125,44,5,18,35,23,0.0,False,1.0
20,2,gumbel,14,2032157,STD_LOCAL_BIC_EXACT,0.782608695652174,0.125,44,5,18,35,23,0.0,False,1.0
20,2,gumbel,15,2032158,NOTEARS,0.05263157894736842,0.9,5,36,2,4,38,0.0,False,1.0
20,2,gumbel,15,2032158,LOCAL_BIC_EXACT,0.05263157894736842,0.9,5,36,2,4,38,0.0,False,1.0
20,2,gumbel,15,2032158,LOCAL_BIC_GREEDY,0.05263157894736842,0.9,5,36,2,4,38,0.0,False,1.0
20,2,gumbel,15,2032158,STD_NOTEARS,0.5769230769230769,0.275,33,11,15,29,26,0.0,False,1.0
20,2,gumbel,15,2032158,STD_LOCAL_BIC_EXACT,0.5769230769230769,0.275,33,11,15,29,26,0.0,False,1.0
20,2,gumbel,16,2032159,NOTEARS,0.0,0.95,2,38,0,2,38,0.0,False,1.0
20,2,gumbel,16,2032159,LOCAL_BIC_EXACT,0.0,0.95,2,38,0,2,38,0.0,False,1.0
20,2,gumbel,16,2032159,LOCAL_BIC_GREEDY,0.0,0.95,2,38,0,2,38,0.0,False,1.0
20,2,gumbel,16,2032159,STD_NOTEARS,0.7619047619047619,0.125,40,5,16,35,21,0.0,False,1.0
20,2,gumbel,16,2032159,STD_LOCAL_BIC_EXACT,0.75,0.125,39,5,15,35,20,0.0,False,1.0
20,2,gumbel,17,2032160,NOTEARS,0.05,0.95,4,38,2,2,40,0.0,False,1.0
20,2,gumbel,17,2032160,LOCAL_BIC_EXACT,0.02564102564102564,0.95,3,38,1,2,39,0.0,False,1.0
20,2,gumbel,17,2032160,LOCAL_BIC_GREEDY,0.02564102564102564,0.95,3,38,1,2,39,0.0,False,1.0
20,2,gumbel,17,2032160,STD_NOTEARS,0.5217391304347826,0.275,36,11,12,29,23,0.0,False,1.0
20,2,gumbel,17,2032160,STD_LOCAL_BIC_EXACT,0.5217391304347826,0.275,36,11,12,29,23,0.0,False,1.0
20,2,gumbel,18,2032161,NOTEARS,0.03125,0.775,10,31,1,9,32,0.0,False,1.0
20,2,gumbel,18,2032161,LOCAL_BIC_EXACT,0.03125,0.775,10,31,1,9,32,0.0,False,1.0
20,2,gumbel,18,2032161,LOCAL_BIC_GREEDY,0.03125,0.775,10,31,1,9,32,0.0,False,1.0
20,2,gumbel,18,2032161,STD_NOTEARS,0.631578947368421,0.175,37,7,12,33,19,0.0,False,1.0
20,2,gumbel,18,2032161,STD_LOCAL_BIC_EXACT,0.631578947368421,0.175,37,7,12,33,19,0.0,False,1.0
20,2,gumbel,19,2032162,NOTEARS,0.027777777777777776,0.875,6,35,1,5,36,0.0,False,1.0
20,2,gumbel,19,2032162,LOCAL_BIC_EXACT,0.027777777777777776,0.875,6,35,1,5,36,0.0,False,1.0
20,2,gumbel,19,2032162,LOCAL_BIC_GREEDY,0.027777777777777776,0.875,6,35,1,5,36,0.0,False,1.0
20,2,gumbel,19,2032162,STD_NOTEARS,0.6521739130434783,0.2,38,8,15,32,23,0.0,False,1.0
20,2,gumbel,19,2032162,STD_LOCAL_BIC_EXACT,0.6521739130434783,0.2,38,8,15,32,23,0.0,False,1.0
20,5,normal,0,2062123,NOTEARS,0.2916666666666667,0.85,20,34,14,6,48,0.0,False,1.0
20,5,normal,0,2062123,LOCAL_BIC_EXACT,0.15,0.85,12,34,6,6,40,0.0,False,1.0
20,5,normal,0,2062123,LOCAL_BIC_GREEDY,0.15,0.85,12,34,6,6,40,0.0,False,1.0
20,5,normal,0,2062123,STD_NOTEARS,0.8,0.1,44,4,16,36,20,0.0,False,1.0
20,5,normal,0,2062123,STD_LOCAL_BIC_EXACT,0.8,0.1,44,4,16,36,20,0.0,False,1.0
20,5,normal,1,2062124,NOTEARS,0.16666666666666666,0.875,12,35,7,5,42,0.0,False,1.0
20,5,normal,1,2062124,LOCAL_BIC_EXACT,0.02857142857142857,0.85,7,34,1,6,35,0.0,False,1.0
20,5,normal,1,2062124,LOCAL_BIC_GREEDY,0.02857142857142857,0.85,7,34,1,6,35,0.0,False,1.0
20,5,normal,1,2062124,STD_NOTEARS,0.6818181818181818,0.175,40,7,15,33,22,0.0,False,1.0
20,5,normal,1,2062124,STD_LOCAL_BIC_EXACT,0.6818181818181818,0.175,40,7,15,33,22,0.0,False,1.0
20,5,normal,2,2062125,NOTEARS,0.2608695652173913,0.85,17,34,12,6,46,0.0,False,1.0
20,5,normal,2,2062125,LOCAL_BIC_EXACT,0.19047619047619047,0.85,13,34,8,6,42,0.0,False,1.0
20,5,normal,2,2062125,LOCAL_BIC_GREEDY,0.19047619047619047,0.85,13,34,8,6,42,0.0,False,1.0
20,5,normal,2,2062125,STD_NOTEARS,0.7058823529411765,0.125,42,5,12,35,17,0.0,False,1.0
20,5,normal,2,2062125,STD_LOCAL_BIC_EXACT,0.7058823529411765,0.125,42,5,12,35,17,0.0,False,1.0
20,5,normal,3,2062126,NOTEARS,0.15384615384615385,0.825,13,33,6,7,39,0.0,False,1.0
20,5,normal,3,2062126,LOCAL_BIC_EXACT,0.029411764705882353,0.825,8,33,1,7,34,0.0,False,1.0
20,5,normal,3,2062126,LOCAL_BIC_GREEDY,0.029411764705882353,0.825,8,33,1,7,34,0.0,False,1.0
20,5,normal,3,2062126,STD_NOTEARS,0.75,0.125,40,5,15,35,20,0.0,False,1.0
20,5,normal,3,2062126,STD_LOCAL_BIC_EXACT,0.75,0.125,40,5,15,35,20,0.0,False,1.0
20,5,normal,4,2062127,NOTEARS,0.3409090909090909,0.725,25,29,15,11,44,0.5668011929601562,True,0.9473684210526315
20,5,normal,4,2062127,LOCAL_BIC_EXACT,0.19444444444444445,0.725,18,29,7,11,36,0.5668011929601562,True,0.9473684210526315
20,5,normal,4,2062127,LOCAL_BIC_GREEDY,0.23684210526315788,0.725,19,29,9,11,38,0.5668011929601562,True,0.9473684210526315
20,5,normal,4,2062127,STD_NOTEARS,0.6818181818181818,0.175,40,7,15,33,22,0.5668011929601562,True,0.9473684210526315
20,5,normal,4,2062127,STD_LOCAL_BIC_EXACT,0.6818181818181818,0.175,40,7,15,33,22,0.5668011929601562,True,0.9473684210526315
20,5,normal,5,2062128,NOTEARS,0.2391304347826087,0.875,15,35,11,5,46,0.0,False,1.0
20,5,normal,5,2062128,LOCAL_BIC_EXACT,0.10256410256410256,0.875,8,35,4,5,39,0.0,False,1.0
20,5,normal,5,2062128,LOCAL_BIC_GREEDY,0.10256410256410256,0.875,8,35,4,5,39,0.0,False,1.0
20,5,normal,5,2062128,STD_NOTEARS,0.6956521739130435,0.175,41,7,16,33,23,0.0,False,1.0
20,5,normal,5,2062128,STD_LOCAL_BIC_EXACT,0.6956521739130435,0.175,41,7,16,33,23,0.0,False,1.0
20,5,normal,6,2062129,NOTEARS,0.15555555555555556,0.95,9,38,7,2,45,0.0,False,1.0
20,5,normal,6,2062129,LOCAL_BIC_EXACT,0.02631578947368421,0.925,4,37,1,3,38,0.0,False,1.0
20,5,normal,6,2062129,LOCAL_BIC_GREEDY,0.02631578947368421,0.925,4,37,1,3,38,0.0,False,1.0
20,5,normal,6,2062129,STD_NOTEARS,0.7368421052631579,0.125,41,5,14,35,19,0.0,False,1.0
20,5,normal,6,2062129,STD_LOCAL_BIC_EXACT,0.7368421052631579,0.125,41,5,14,35,19,0.0,False,1.0
20,5,normal,7,2062130,NOTEARS,0.45,0.825,34,33,27,7,60,2.453954397384223,True,0.95
20,5,normal,7,2062130,LOCAL_BIC_EXACT,0.13157894736842105,0.825,12,33,5,7,38,2.453954397384223,True,0.95
20,5,normal,7,2062130,LOCAL_BIC_GREEDY,0.175,0.825,14,33,7,7,40,2.453954397384223,True,0.95
20,5,normal,7,2062130,STD_NOTEARS,0.75,0.125,43,5,15,35,20,2.453954397384223,True,0.95
20,5,normal,7,2062130,STD_LOCAL_BIC_EXACT,0.75,0.125,43,5,15,35,20,2.453954397384223,True,0.95
20,5,normal,8,2062131,NOTEARS,0.15,0.85,12,34,6,6,40,0.0,False,1.0
20,5,normal,8,2062131,LOCAL_BIC_EXACT,0.08108108108108109,0.85,9,34,3,6,37,0.0,False,1.0
20,5,normal,8,2062131,LOCAL_BIC_GREEDY,0.08108108108108109,0.85,9,34,3,6,37,0.0,False,1.0
20,5,normal,8,2062131,STD_NOTEARS,0.72,0.175,42,7,18,33,25,0.0,False,1.0
20,5,normal,8,2062131,STD_LOCAL_BIC_EXACT,0.72,0.175,42,7,18,33,25,0.0,False,1.0
20,5,normal,9,2062132,NOTEARS,0.14285714285714285,0.9,10,36,6,4,42,0.0,False,1.0
20,5,normal,9,2062132,LOCAL_BIC_EXACT,0.07692307692307693,0.9,7,36,3,4,39,0.0,False,1.0
20,5,normal,9,2062132,LOCAL_BIC_GREEDY,0.07692307692307693,0.9,7,36,3,4,39,0.0,False,1.0
20,5,normal,9,2062132,STD_NOTEARS,0.6363636363636364,0.2,42,8,14,32,22,0.0,False,1.0
20,5,normal,9,2062132,STD_LOCAL_BIC_EXACT,0.6363636363636364,0.2,42,8,14,32,22,0.0,False,1.0
20,5,normal,10,2062133,NOTEARS,0.2765957446808511,0.85,19,34,13,6,47,0.0,False,1.0
20,5,normal,10,2062133,LOCAL_BIC_EXACT,0.02857142857142857,0.85,7,34,1,6,35,0.0,False,1.0
20,5,normal,10,2062133,LOCAL_BIC_GREEDY,0.02857142857142857,0.85,7,34,1,6,35,0.0,False,1.0
20,5,normal,10,2062133,STD_NOTEARS,0.47368421052631576,0.25,33,10,9,30,19,0.0,False,1.0
20,5,normal,10,2062133,STD_LOCAL_BIC_EXACT,0.47368421052631576,0.25,33,10,9,30,19,0.0,False,1.0
20,5,normal,11,2062134,NOTEARS,0.21621621621621623,0.725,19,29,8,11,37,0.0,False,1.0
20,5,normal,11,2062134,LOCAL_BIC_EXACT,0.06666666666666667,0.7,14,28,2,12,30,0.0,False,1.0
20,5,normal,11,2062134,LOCAL_BIC_GREEDY,0.06666666666666667,0.7,14,28,2,12,30,0.0,False,1.0
20,5,normal,11,2062134,STD_NOTEARS,0.8571428571428571,0.075,48,3,18,37,21,0.0,False,1.0
20,5,normal,11,2062134,STD_LOCAL_BIC_EXACT,0.85,0.075,47,3,17,37,20,0.0,False,1.0
20,5,normal,12,2062135,NOTEARS,0.7090909090909091,0.4,63,16,39,24,55,0.0,False,1.0
20,5,normal,12,2062135,LOCAL_BIC_EXACT,0.5151515151515151,0.4,41,16,17,24,33,0.0,False,1.0
20,5,normal,12,2062135,LOCAL_BIC_GREEDY,0.5151515151515151,0.4,41,16,17,24,33,0.0,False,1.0
20,5,normal,12,2062135,STD_NOTEARS,0.6666666666666666,0.175,41,7,14,33,21,0.0,False,1.0
20,5,normal,12,2062135,STD_LOCAL_BIC_EXACT,0.6666666666666666,0.175,41,7,14,33,21,0.0,False,1.0
20,5,normal,13,2062136,NOTEARS,0.4,0.825,29,33,22,7,55,0.0,False,1.0
20,5,normal,13,2062136,LOCAL_BIC_EXACT,0.175,0.825,14,33,7,7,40,0.0,False,1.0
20,5,normal,13,2062136,LOCAL_BIC_GREEDY,0.175,0.825,14,33,7,7,40,0.0,False,1.0
20,5,normal,13,2062136,STD_NOTEARS,0.9523809523809523,0.025,48,1,20,39,21,0.0,False,1.0
20,5,normal,13,2062136,STD_LOCAL_BIC_EXACT,0.9523809523809523,0.025,48,1,20,39,21,0.0,False,1.0
20,5,normal,14,2062137,NOTEARS,0.32608695652173914,0.775,22,31,15,9,46,0.0,False,1.0
20,5,normal,14,2062137,LOCAL_BIC_EXACT,0.21052631578947367,0.75,17,30,8,10,38,0.0,False,1.0
20,5,normal,14,2062137,LOCAL_BIC_GREEDY,0.21052631578947367,0.75,17,30,8,10,38,0.0,False,1.0
20,5,normal,14,2062137,STD_NOTEARS,0.7272727272727273,0.15,42,6,16,34,22,0.0,False,1.0
20,5,normal,14,2062137,STD_LOCAL_BIC_EXACT,0.7272727272727273,0.15,42,6,16,34,22,0.0,False,1.0
20,5,normal,15,2062138,NOTEARS,0.6125,0.775,57,31,49,9,80,5.1178026201978355,True,0.9
20,5,normal,15,2062138,LOCAL_BIC_EXACT,0.3404255319148936,0.775,24,31,16,9,47,5.1178026201978355,True,0.9
20,5,normal,15,2062138,LOCAL_BIC_GREEDY,0.3541666666666667,0.775,25,31,17,9,48,5.1178026201978355,True,0.9
20,5,normal,15,2062138,STD_NOTEARS,1.0,0.0,53,0,21,40,21,5.1178026201978355,True,0.9
20,5,normal,15,2062138,STD_LOCAL_BIC_EXACT,1.0,0.0,53,0,21,40,21,5.1178026201978355,True,0.9
20,5,normal,16,2062139,NOTEARS,0.2619047619047619,0.775,20,31,11,9,42,0.0,False,1.0
20,5,normal,16,2062139,LOCAL_BIC_EXACT,0.09090909090909091,0.75,13,30,3,10,33,0.0,False,1.0
20,5,normal,16,2062139,LOCAL_BIC_GREEDY,0.09090909090909091,0.75,13,30,3,10,33,0.0,False,1.0
20,5,normal,16,2062139,STD_NOTEARS,0.8333333333333334,0.1,48,4,20,36,24,0.0,False,1.0
20,5,normal,16,2062139,STD_LOCAL_BIC_EXACT,0.8333333333333334,0.1,48,4,20,36,24,0.0,False,1.0
20,5,normal,17,2062140,NOTEARS,0.1111111111111111,0.8,12,32,4,8,36,0.0,False,1.0
20,5,normal,17,2062140,LOCAL_BIC_EXACT,0.030303030303030304,0.8,9,32,1,8,33,0.0,False,1.0
20,5,normal,17,2062140,LOCAL_BIC_GREEDY,0.030303030303030304,0.8,9,32,1,8,33,0.0,False,1.0
20,5,normal,17,2062140,STD_NOTEARS,0.5909090909090909,0.225,36,9,13,31,22,0.0,False,1.0
20,5,normal,17,2062140,STD_LOCAL_BIC_EXACT,0.5909090909090909,0.225,36,9,13,31,22,0.0,False,1.0
20,5,normal,18,2062141,NOTEARS,0.3333333333333333,0.75,25,30,15,10,45,0.0,False,1.0
20,5,normal,18,2062141,LOCAL_BIC_EXACT,0.14285714285714285,0.75,15,30,5,10,35,0.0,False,1.0
20,5,normal,18,2062141,LOCAL_BIC_GREEDY,0.14285714285714285,0.75,15,30,5,10,35,0.0,False,1.0
20,5,normal,18,2062141,STD_NOTEARS,0.7058823529411765,0.125,40,5,12,35,17,0.0,False,1.0
20,5,normal,18,2062141,STD_LOCAL_BIC_EXACT,0.7058823529411765,0.125,40,5,12,35,17,0.0,False,1.0
20,5,normal,19,2062142,NOTEARS,0.40816326530612246,0.725,31,29,20,11,49,0.0,False,1.0
20,5,normal,19,2062142,LOCAL_BIC_EXACT,0.24242424242424243,0.625,23,25,8,15,33,0.0,False,1.0
20,5,normal,19,2062142,LOCAL_BIC_GREEDY,0.24242424242424243,0.625,23,25,8,15,33,0.0,False,1.0
20,5,normal,19,2062142,STD_NOTEARS,0.8823529411764706,0.05,47,2,15,38,17,0.0,False,1.0
20,5,normal,19,2062142,STD_LOCAL_BIC_EXACT,0.8823529411764706,0.05,47,2,15,38,17,0.0,False,1.0
20,5,exponential,0,2062133,NOTEARS,0.22727272727272727,0.85,16,34,10,6,44,0.0,False,1.0
20,5,exponential,0,2062133,LOCAL_BIC_EXACT,0.08108108108108109,0.85,9,34,3,6,37,0.0,False,1.0
20,5,exponential,0,2062133,LOCAL_BIC_GREEDY,0.08108108108108109,0.85,9,34,3,6,37,0.0,False,1.0
20,5,exponential,0,2062133,STD_NOTEARS,0.5789473684210527,0.2,36,8,11,32,19,0.0,False,1.0
20,5,exponential,0,2062133,STD_LOCAL_BIC_EXACT,0.5789473684210527,0.2,36,8,11,32,19,0.0,False,1.0
20,5,exponential,1,2062134,NOTEARS,0.23684210526315788,0.725,20,29,9,11,38,0.0,False,1.0
20,5,exponential,1,2062134,LOCAL_BIC_EXACT,0.125,0.7,16,28,4,12,32,0.0,False,1.0
20,5,exponential,1,2062134,LOCAL_BIC_GREEDY,0.125,0.7,16,28,4,12,32,0.0,False,1.0
20,5,exponential,1,2062134,STD_NOTEARS,0.85,0.075,48,3,17,37,20,0.0,False,1.0
20,5,exponential,1,2062134,STD_LOCAL_BIC_EXACT,0.85,0.075,48,3,17,37,20,0.0,False,1.0
20,5,exponential,2,2062135,NOTEARS,0.7083333333333334,0.35,60,14,34,26,48,0.7335360353954457,True,0.9393939393939394
20,5,exponential,2,2062135,LOCAL_BIC_EXACT,0.5625,0.35,44,14,18,26,32,0.7335360353954457,True,0.9393939393939394
20,5,exponential,2,2062135,LOCAL_BIC_GREEDY,0.5625,0.35,44,14,18,26,32,0.7335360353954457,True,0.9393939393939394
20,5,exponential,2,2062135,STD_NOTEARS,0.6190476190476191,0.2,39,8,13,32,21,0.7335360353954457,True,0.9393939393939394
20,5,exponential,2,2062135,STD_LOCAL_BIC_EXACT,0.6190476190476191,0.2,39,8,13,32,21,0.7335360353954457,True,0.9393939393939394
20,5,exponential,3,2062136,NOTEARS,0.43548387096774194,0.875,32,35,27,5,62,0.0,False,1.0
20,5,exponential,3,2062136,LOCAL_BIC_EXACT,0.125,0.875,10,35,5,5,40,0.0,False,1.0
20,5,exponential,3,2062136,LOCAL_BIC_GREEDY,0.125,0.875,10,35,5,5,40,0.0,False,1.0
20,5,exponential,3,2062136,STD_NOTEARS,0.9047619047619048,0.05,46,2,19,38,21,0.0,False,1.0
20,5,exponential,3,2062136,STD_LOCAL_BIC_EXACT,0.9047619047619048,0.05,46,2,19,38,21,0.0,False,1.0
20,5,exponential,4,2062137,NOTEARS,0.2857142857142857,0.75,21,30,12,10,42,0.0,False,1.0
20,5,exponential,4,2062137,LOCAL_BIC_EXACT,0.14705882352941177,0.725,16,29,5,11,34,0.0,False,1.0
20,5,exponential,4,2062137,LOCAL_BIC_GREEDY,0.14705882352941177,0.725,16,29,5,11,34,0.0,False,1.0
20,5,exponential,4,2062137,STD_NOTEARS,0.7272727272727273,0.15,42,6,16,34,22,0.0,False,1.0
20,5,exponential,4,2062137,STD_LOCAL_BIC_EXACT,0.7272727272727273,0.15,42,6,16,34,22,0.0,False,1.0
20,5,exponential,5,2062138,NOTEARS,0.5875,0.825,53,33,47,7,80,0.0,False,1.0
20,5,exponential,5,2062138,LOCAL_BIC_EXACT,0.32653061224489793,0.825,22,33,16,7,49,0.0,False,1.0
20,5,exponential,5,2062138,LOCAL_BIC_GREEDY,0.32653061224489793,0.825,22,33,16,7,49,0.0,False,1.0
20,5,exponential,5,2062138,STD_NOTEARS,1.0,0.0,50,0,21,40,21,0.0,False,1.0
20,5,exponential,5,2062138,STD_LOCAL_BIC_EXACT,1.0,0.0,50,0,21,40,21,0.0,False,1.0
20,5,exponential,6,2062139,NOTEARS,0.23809523809523808,0.8,18,32,10,8,42,0.0,False,1.0
20,5,exponential,6,2062139,LOCAL_BIC_EXACT,0.030303030303030304,0.8,9,32,1,8,33,0.0,False,1.0
20,5,exponential,6,2062139,LOCAL_BIC_GREEDY,0.030303030303030304,0.8,9,32,1,8,33,0.0,False,1.0
20,5,exponential,6,2062139,STD_NOTEARS,0.875,0.075,46,3,21,37,24,0.0,False,1.0
20,5,exponential,6,2062139,STD_LOCAL_BIC_EXACT,0.875,0.075,46,3,21,37,24,0.0,False,1.0
20,5,exponential,7,2062140,NOTEARS,0.06060606060606061,0.775,11,31,2,9,33,0.0,False,1.0
20,5,exponential,7,2062140,LOCAL_BIC_EXACT,0.03125,0.775,10,31,1,9,32,0.0,False,1.0
20,5,exponential,7,2062140,LOCAL_BIC_GREEDY,0.03125,0.775,10,31,1,9,32,0.0,False,1.0
20,5,exponential,7,2062140,STD_NOTEARS,0.5909090909090909,0.225,36,9,13,31,22,0.0,False,1.0
20,5,exponential,7,2062140,STD_LOCAL_BIC_EXACT,0.5909090909090909,0.225,36,9,13,31,22,0.0,False,1.0
20,5,exponential,8,2062141,NOTEARS,0.3617021276595745,0.75,27,30,17,10,47,0.0,False,1.0
20,5,exponential,8,2062141,LOCAL_BIC_EXACT,0.21052631578947367,0.75,18,30,8,10,38,0.0,False,1.0
20,5,exponential,8,2062141,LOCAL_BIC_GREEDY,0.21052631578947367,0.75,18,30,8,10,38,0.0,False,1.0
20,5,exponential,8,2062141,STD_NOTEARS,0.7222222222222222,0.125,41,5,13,35,18,0.0,False,1.0
20,5,exponential,8,2062141,STD_LOCAL_BIC_EXACT,0.7222222222222222,0.125,41,5,13,35,18,0.0,False,1.0
20,5,exponential,9,2062142,NOTEARS,0.3695652173913043,0.725,28,29,17,11,46,0.0,False,1.0
20,5,exponential,9,2062142,LOCAL_BIC_EXACT,0.21875,0.625,22,25,7,15,32,0.0,False,1.0
20,5,exponential,9,2062142,LOCAL_BIC_GREEDY,0.21875,0.625,22,25,7,15,32,0.0,False,1.0
20,5,exponential,9,2062142,STD_NOTEARS,0.875,0.05,44,2,14,38,16,0.0,False,1.0
20,5,exponential,9,2062142,STD_LOCAL_BIC_EXACT,0.875,0.05,44,2,14,38,16,0.0,False,1.0
20,5,exponential,10,2062143,NOTEARS,0.02702702702702703,0.9,5,36,1,4,37,0.0,False,1.0
20,5,exponential,10,2062143,LOCAL_BIC_EXACT,0.0,0.9,4,36,0,4,36,0.0,False,1.0
20,5,exponential,10,2062143,LOCAL_BIC_GREEDY,0.0,0.9,4,36,0,4,36,0.0,False,1.0
20,5,exponential,10,2062143,STD_NOTEARS,0.8095238095238095,0.1,45,4,17,36,21,0.0,False,1.0
20,5,exponential,10,2062143,STD_LOCAL_BIC_EXACT,0.8095238095238095,0.1,45,4,17,36,21,0.0,False,1.0
20,5,exponential,11,2062144,NOTEARS,0.15789473684210525,0.8,14,32,6,8,38,0.0,False,1.0
20,5,exponential,11,2062144,LOCAL_BIC_EXACT,0.1111111111111111,0.8,12,32,4,8,36,0.0,False,1.0
20,5,exponential,11,2062144,LOCAL_BIC_GREEDY,0.1111111111111111,0.8,12,32,4,8,36,0.0,False,1.0
20,5,exponential,11,2062144,STD_NOTEARS,0.65,0.175,38,7,13,33,20,0.0,False,1.0
20,5,exponential,11,2062144,STD_LOCAL_BIC_EXACT,0.65,0.175,38,7,13,33,20,0.0,False,1.0
20,5,exponential,12,2062145,NOTEARS,0.2702702702702703,0.675,23,27,10,13,37,0.0,False,1.0
20,5,exponential,12,2062145,LOCAL_BIC_EXACT,0.1,0.675,16,27,3,13,30,0.0,False,1.0
20,5,exponential,12,2062145,LOCAL_BIC_GREEDY,0.1,0.675,16,27,3,13,30,0.0,False,1.0
20,5,exponential,12,2062145,STD_NOTEARS,0.6190476190476191,0.2,40,8,13,32,21,0.0,False,1.0
20,5,exponential,12,2062145,STD_LOCAL_BIC_EXACT,0.6190476190476191,0.2,40,8,13,32,21,0.0,False,1.0
20,5,exponential,13,2062146,NOTEARS,0.74,0.325,63,13,37,27,50,0.0,False,1.0
20,5,exponential,13,2062146,LOCAL_BIC_EXACT,0.59375,0.325,45,13,19,27,32,0.0,False,1.0
20,5,exponential,13,2062146,LOCAL_BIC_GREEDY,0.59375,0.325,45,13,19,27,32,0.0,False,1.0
20,5,exponential,13,2062146,STD_NOTEARS,0.8421052631578947,0.075,47,3,16,37,19,0.0,False,1.0
20,5,exponential,13,2062146,STD_LOCAL_BIC_EXACT,0.8421052631578947,0.075,47,3,16,37,19,0.0,False,1.0
20,5,exponential,14,2062147,NOTEARS,0.2222222222222222,0.7,20,28,8,12,36,0.0,False,1.0
20,5,exponential,14,2062147,LOCAL_BIC_EXACT,0.12903225806451613,0.675,17,27,4,13,31,0.0,False,1.0
20,5,exponential,14,2062147,LOCAL_BIC_GREEDY,0.12903225806451613,0.675,17,27,4,13,31,0.0,False,1.0
20,5,exponential,14,2062147,STD_NOTEARS,0.5909090909090909,0.225,40,9,13,31,22,0.0,False,1.0
20,5,exponential,14,2062147,STD_LOCAL_BIC_EXACT,0.5909090909090909,0.225,40,9,13,31,22,0.0,False,1.0
20,5,exponential,15,2062148,NOTEARS,0.4107142857142857,0.825,30,33,23,7,56,0.0,False,1.0
20,5,exponential,15,2062148,LOCAL_BIC_EXACT,0.1951219512195122,0.825,15,33,8,7,41,0.0,False,1.0
20,5,exponential,15,2062148,LOCAL_BIC_GREEDY,0.1951219512195122,0.825,15,33,8,7,41,0.0,False,1.0
20,5,exponential,15,2062148,STD_NOTEARS,0.7,0.15,45,6,14,34,20,0.0,False,1.0
20,5,exponential,15,2062148,STD_LOCAL_BIC_EXACT,0.7,0.15,45,6,14,34,20,0.0,False,1.0
20,5,exponential,16,2062149,NOTEARS,0.2765957446808511,0.85,19,34,13,6,47,0.0,False,1.0
20,5,exponential,16,2062149,LOCAL_BIC_EXACT,0.08108108108108109,0.85,9,34,3,6,37,0.0,False,1.0
20,5,exponential,16,2062149,LOCAL_BIC_GREEDY,0.08108108108108109,0.85,9,34,3,6,37,0.0,False,1.0
20,5,exponential,16,2062149,STD_NOTEARS,0.7083333333333334,0.175,43,7,17,33,24,0.0,False,1.0
20,5,exponential,16,2062149,STD_LOCAL_BIC_EXACT,0.7083333333333334,0.175,43,7,17,33,24,0.0,False,1.0
20,5,exponential,17,2062150,NOTEARS,0.38181818181818183,0.85,26,34,21,6,55,0.0,False,1.0
20,5,exponential,17,2062150,LOCAL_BIC_EXACT,0.10526315789473684,0.85,9,34,4,6,38,0.0,False,1.0
20,5,exponential,17,2062150,LOCAL_BIC_GREEDY,0.10526315789473684,0.85,9,34,4,6,38,0.0,False,1.0
20,5,exponential,17,2062150,STD_NOTEARS,0.7222222222222222,0.125,44,5,13,35,18,0.0,False,1.0
20,5,exponential,17,2062150,STD_LOCAL_BIC_EXACT,0.7222222222222222,0.125,44,5,13,35,18,0.0,False,1.0
20,5,exponential,18,2062151,NOTEARS,0.075,0.925,6,37,3,3,40,0.0,False,1.0
20,5,exponential,18,2062151,LOCAL_BIC_EXACT,0.0,0.925,3,37,0,3,37,0.0,False,1.0
20,5,exponential,18,2062151,LOCAL_BIC_GREEDY,0.0,0.925,3,37,0,3,37,0.0,False,1.0
20,5,exponential,18,2062151,STD_NOTEARS,0.7368421052631579,0.125,42,5,14,35,19,0.0,False,1.0
20,5,exponential,18,2062151,STD_LOCAL_BIC_EXACT,0.7368421052631579,0.125,42,5,14,35,19,0.0,False,1.0
20,5,exponential,19,2062152,NOTEARS,0.2222222222222222,0.875,14,35,10,5,45,0.0,False,1.0
20,5,exponential,19,2062152,LOCAL_BIC_EXACT,0.10256410256410256,0.875,8,35,4,5,39,0.0,False,1.0
20,5,exponential,19,2062152,LOCAL_BIC_GREEDY,0.10256410256410256,0.875,8,35,4,5,39,0.0,False,1.0
20,5,exponential,19,2062152,STD_NOTEARS,0.7222222222222222,0.125,44,5,13,35,18,0.0,False,1.0
20,5,exponential,19,2062152,STD_LOCAL_BIC_EXACT,0.7222222222222222,0.125,44,5,13,35,18,0.0,False,1.0
20,5,gumbel,0,2062143,NOTEARS,0.075,0.925,6,37,3,3,40,0.0,False,1.0
20,5,gumbel,0,2062143,LOCAL_BIC_EXACT,0.02631578947368421,0.925,4,37,1,3,38,0.0,False,1.0
20,5,gumbel,0,2062143,LOCAL_BIC_GREEDY,0.02631578947368421,0.925,4,37,1,3,38,0.0,False,1.0
20,5,gumbel,0,2062143,STD_NOTEARS,0.8571428571428571,0.075,47,3,18,37,21,0.0,False,1.0
20,5,gumbel,0,2062143,STD_LOCAL_BIC_EXACT,0.8571428571428571,0.075,47,3,18,37,21,0.0,False,1.0
20,5,gumbel,1,2062144,NOTEARS,0.05555555555555555,0.85,8,34,2,6,36,0.0,False,1.0
20,5,gumbel,1,2062144,LOCAL_BIC_EXACT,0.0,0.85,6,34,0,6,34,0.0,False,1.0
20,5,gumbel,1,2062144,LOCAL_BIC_GREEDY,0.0,0.85,6,34,0,6,34,0.0,False,1.0
20,5,gumbel,1,2062144,STD_NOTEARS,0.7083333333333334,0.175,41,7,17,33,24,0.0,False,1.0
20,5,gumbel,1,2062144,STD_LOCAL_BIC_EXACT,0.7083333333333334,0.175,41,7,17,33,24,0.0,False,1.0
20,5,gumbel,2,2062145,NOTEARS,0.25,0.675,22,27,9,13,36,0.0,False,1.0
20,5,gumbel,2,2062145,LOCAL_BIC_EXACT,0.06896551724137931,0.675,15,27,2,13,29,0.0,False,1.0
20,5,gumbel,2,2062145,LOCAL_BIC_GREEDY,0.06896551724137931,0.675,15,27,2,13,29,0.0,False,1.0
20,5,gumbel,2,2062145,STD_NOTEARS,0.6363636363636364,0.2,41,8,14,32,22,0.0,False,1.0
20,5,gumbel,2,2062145,STD_LOCAL_BIC_EXACT,0.6363636363636364,0.2,41,8,14,32,22,0.0,False,1.0
20,5,gumbel,3,2062146,NOTEARS,0.825,0.175,65,7,33,33,40,0.0,False,1.0
20,5,gumbel,3,2062146,LOCAL_BIC_EXACT,0.72,0.175,50,7,18,33,25,0.0,False,1.0
20,5,gumbel,3,2062146,LOCAL_BIC_GREEDY,0.72,0.175,50,7,18,33,25,0.0,False,1.0
20,5,gumbel,3,2062146,STD_NOTEARS,0.8888888888888888,0.05,42,2,16,38,18,0.0,False,1.0
20,5,gumbel,3,2062146,STD_LOCAL_BIC_EXACT,0.8888888888888888,0.05,42,2,16,38,18,0.0,False,1.0
20,5,gumbel,4,2062147,NOTEARS,0.2222222222222222,0.7,20,28,8,12,36,0.0,False,1.0
20,5,gumbel,4,2062147,LOCAL_BIC_EXACT,0.12903225806451613,0.675,17,27,4,13,31,0.0,False,1.0
20,5,gumbel,4,2062147,LOCAL_BIC_GREEDY,0.12903225806451613,0.675,17,27,4,13,31,0.0,False,1.0
20,5,gumbel,4,2062147,STD_NOTEARS,0.7272727272727273,0.15,47,6,16,34,22,0.0,False,1.0
20,5,gumbel,4,2062147,STD_LOCAL_BIC_EXACT,0.7272727272727273,0.15,47,6,16,34,22,0.0,False,1.0
20,5,gumbel,5,2062148,NOTEARS,0.34615384615384615,0.85,24,34,18,6,52,0.0,False,1.0
20,5,gumbel,5,2062148,LOCAL_BIC_EXACT,0.1282051282051282,0.85,11,34,5,6,39,0.0,False,1.0
20,5,gumbel,5,2062148,LOCAL_BIC_GREEDY,0.1282051282051282,0.85,11,34,5,6,39,0.0,False,1.0
20,5,gumbel,5,2062148,STD_NOTEARS,0.7368421052631579,0.125,44,5,14,35,19,0.0,False,1.0
20,5,gumbel,5,2062148,STD_LOCAL_BIC_EXACT,0.7368421052631579,0.125,44,5,14,35,19,0.0,False,1.0
20,5,gumbel,6,2062149,NOTEARS,0.16666666666666666,0.875,12,35,7,5,42,0.0,False,1.0
20,5,gumbel,6,2062149,LOCAL_BIC_EXACT,0.05405405405405406,0.875,7,35,2,5,37,0.0,False,1.0
20,5,gumbel,6,2062149,LOCAL_BIC_GREEDY,0.05405405405405406,0.875,7,35,2,5,37,0.0,False,1.0
20,5,gumbel,6,2062149,STD_NOTEARS,0.6666666666666666,0.2,41,8,16,32,24,0.0,False,1.0
20,5,gumbel,6,2062149,STD_LOCAL_BIC_EXACT,0.6666666666666666,0.2,41,8,16,32,24,0.0,False,1.0
20,5,gumbel,7,2062150,NOTEARS,0.34,0.825,23,33,17,7,50,0.0,False,1.0
20,5,gumbel,7,2062150,LOCAL_BIC_EXACT,0.10810810810810811,0.825,10,33,4,7,37,0.0,False,1.0
20,5,gumbel,7,2062150,LOCAL_BIC_GREEDY,0.10810810810810811,0.825,10,33,4,7,37,0.0,False,1.0
20,5,gumbel,7,2062150,STD_NOTEARS,0.7,0.15,43,6,14,34,20,0.0,False,1.0
20,5,gumbel,7,2062150,STD_LOCAL_BIC_EXACT,0.6842105263157895,0.15,42,6,13,34,19,0.0,False,1.0
20,5,gumbel,8,2062151,NOTEARS,0.15789473684210525,0.8,13,32,6,8,38,0.0,False,1.0
20,5,gumbel,8,2062151,LOCAL_BIC_EXACT,0.13513513513513514,0.8,12,32,5,8,37,0.0,False,1.0
20,5,gumbel,8,2062151,LOCAL_BIC_GREEDY,0.13513513513513514,0.8,12,32,5,8,37,0.0,False,1.0
20,5,gumbel,8,2062151,STD_NOTEARS,0.8571428571428571,0.075,47,3,18,37,21,0.0,False,1.0
20,5,gumbel,8,2062151,STD_LOCAL_BIC_EXACT,0.8571428571428571,0.075,47,3,18,37,21,0.0,False,1.0
20,5,gumbel,9,2062152,NOTEARS,0.14634146341463414,0.875,10,35,6,5,41,0.0,False,1.0
20,5,gumbel,9,2062152,LOCAL_BIC_EXACT,0.05405405405405406,0.875,6,35,2,5,37,0.0,False,1.0
20,5,gumbel,9,2062152,LOCAL_BIC_GREEDY,0.05405405405405406,0.875,6,35,2,5,37,0.0,False,1.0
20,5,gumbel,9,2062152,STD_NOTEARS,0.7222222222222222,0.125,43,5,13,35,18,0.0,False,1.0
20,5,gumbel,9,2062152,STD_LOCAL_BIC_EXACT,0.7222222222222222,0.125,43,5,13,35,18,0.0,False,1.0
20,5,gumbel,10,2062153,NOTEARS,0.38,0.775,28,31,19,9,50,3.1638295939787895,True,0.925
20,5,gumbel,10,2062153,LOCAL_BIC_EXACT,0.18421052631578946,0.775,16,31,7,9,38,3.1638295939787895,True,0.925
20,5,gumbel,10,2062153,LOCAL_BIC_GREEDY,0.20512820512820512,0.775,17,31,8,9,39,3.1638295939787895,True,0.925
20,5,gumbel,10,2062153,STD_NOTEARS,0.6111111111111112,0.175,39,7,11,33,18,3.1638295939787895,True,0.925
20,5,gumbel,10,2062153,STD_LOCAL_BIC_EXACT,0.6111111111111112,0.175,39,7,11,33,18,3.1638295939787895,True,0.925
20,5,gumbel,11,2062154,NOTEARS,0.2682926829268293,0.75,21,30,11,10,41,0.0,False,1.0
20,5,gumbel,11,2062154,LOCAL_BIC_EXACT,0.14705882352941177,0.725,16,29,5,11,34,0.0,False,1.0
20,5,gumbel,11,2062154,LOCAL_BIC_GREEDY,0.14705882352941177,0.725,16,29,5,11,34,0.0,False,1.0
20,5,gumbel,11,2062154,STD_NOTEARS,0.5652173913043478,0.25,38,10,13,30,23,0.0,False,1.0
20,5,gumbel,11,2062154,STD_LOCAL_BIC_EXACT,0.5652173913043478,0.25,38,10,13,30,23,0.0,False,1.0
20,5,gumbel,12,2062155,NOTEARS,0.08823529411764706,0.775,12,31,3,9,34,0.0,False,1.0
20,5,gumbel,12,2062155,LOCAL_BIC_EXACT,0.0,0.775,9,31,0,9,31,0.0,False,1.0
20,5,gumbel,12,2062155,LOCAL_BIC_GREEDY,0.0,0.775,9,31,0,9,31,0.0,False,1.0
20,5,gumbel,12,2062155,STD_NOTEARS,0.6363636363636364,0.2,37,8,14,32,22,0.0,False,1.0
20,5,gumbel,12,2062155,STD_LOCAL_BIC_EXACT,0.6363636363636364,0.2,37,8,14,32,22,0.0,False,1.0
20,5,gumbel,13,2062156,NOTEARS,0.19444444444444445,0.725,16,29,7,11,36,0.0,False,1.0
20,5,gumbel,13,2062156,LOCAL_BIC_EXACT,0.15625,0.675,16,27,5,13,32,0.0,False,1.0
20,5,gumbel,13,2062156,LOCAL_BIC_GREEDY,0.15625,0.675,16,27,5,13,32,0.0,False,1.0
20,5,gumbel,13,2062156,STD_NOTEARS,0.8,0.1,46,4,16,36,20,0.0,False,1.0
20,5,gumbel,13,2062156,STD_LOCAL_BIC_EXACT,0.8,0.1,46,4,16,36,20,0.0,False,1.0
20,5,gumbel,14,2062157,NOTEARS,0.19444444444444445,0.725,17,29,7,11,36,0.0,False,1.0
20,5,gumbel,14,2062157,LOCAL_BIC_EXACT,0.12121212121212122,0.725,14,29,4,11,33,0.0,False,1.0
20,5,gumbel,14,2062157,LOCAL_BIC_GREEDY,0.12121212121212122,0.725,14,29,4,11,33,0.0,False,1.0
20,5,gumbel,14,2062157,STD_NOTEARS,0.6818181818181818,0.175,41,7,15,33,22,0.0,False,1.0
20,5,gumbel,14,2062157,STD_LOCAL_BIC_EXACT,0.6666666666666666,0.175,40,7,14,33,21,0.0,False,1.0
20,5,gumbel,15,2062158,NOTEARS,0.15384615384615385,0.825,12,33,6,7,39,0.0,False,1.0
20,5,gumbel,15,2062158,LOCAL_BIC_EXACT,0.029411764705882353,0.825,7,33,1,7,34,0.0,False,1.0
20,5,gumbel,15,2062158,LOCAL_BIC_GREEDY,0.029411764705882353,0.825,7,33,1,7,34,0.0,False,1.0
20,5,gumbel,15,2062158,STD_NOTEARS,0.8260869565217391,0.1,46,4,19,36,23,0.0,False,1.0
20,5,gumbel,15,2062158,STD_LOCAL_BIC_EXACT,0.8260869565217391,0.1,46,4,19,36,23,0.0,False,1.0
20,5,gumbel,16,2062159,NOTEARS,0.08571428571428572,0.8,11,32,3,8,35,0.0,False,1.0
20,5,gumbel,16,2062159,LOCAL_BIC_EXACT,0.058823529411764705,0.8,10,32,2,8,34,0.0,False,1.0
20,5,gumbel,16,2062159,LOCAL_BIC_GREEDY,0.058823529411764705,0.8,10,32,2,8,34,0.0,False,1.0
20,5,gumbel,16,2062159,STD_NOTEARS,0.7727272727272727,0.125,47,5,17,35,22,0.0,False,1.0
20,5,gumbel,16,2062159,STD_LOCAL_BIC_EXACT,0.7727272727272727,0.125,47,5,17,35,22,0.0,False,1.0
20,5,gumbel,17,2062160,NOTEARS,0.46296296296296297,0.725,36,29,25,11,54,2.166013983886387,True,0.9743589743589743
20,5,gumbel,17,2062160,LOCAL_BIC_EXACT,0.2564102564102564,0.725,21,29,10,11,39,2.166013983886387,True,0.9743589743589743
20,5,gumbel,17,2062160,LOCAL_BIC_GREEDY,0.23684210526315788,0.725,20,29,9,11,38,2.166013983886387,True,0.9743589743589743
20,5,gumbel,17,2062160,STD_NOTEARS,0.75,0.1,39,4,12,36,16,2.166013983886387,True,0.9743589743589743
20,5,gumbel,17,2062160,STD_LOCAL_BIC_EXACT,0.75,0.1,39,4,12,36,16,2.166013983886387,True,0.9743589743589743
20,5,gumbel,18,2062161,NOTEARS,0.16216216216216217,0.775,14,31,6,9,37,0.0,False,1.0
20,5,gumbel,18,2062161,LOCAL_BIC_EXACT,0.1388888888888889,0.775,13,31,5,9,36,0.0,False,1.0
20,5,gumbel,18,2062161,LOCAL_BIC_GREEDY,0.1388888888888889,0.775,13,31,5,9,36,0.0,False,1.0
20,5,gumbel,18,2062161,STD_NOTEARS,0.8928571428571429,0.075,52,3,25,37,28,0.0,False,1.0
20,5,gumbel,18,2062161,STD_LOCAL_BIC_EXACT,0.8888888888888888,0.075,51,3,24,37,27,0.0,False,1.0
20,5,gumbel,19,2062162,NOTEARS,0.13157894736842105,0.825,11,33,5,7,38,0.0,False,1.0
20,5,gumbel,19,2062162,LOCAL_BIC_EXACT,0.10810810810810811,0.825,10,33,4,7,37,0.0,False,1.0
20,5,gumbel,19,2062162,LOCAL_BIC_GREEDY,0.10810810810810811,0.825,10,33,4,7,37,0.0,False,1.0
20,5,gumbel,19,2062162,STD_NOTEARS,0.7619047619047619,0.125,45,5,16,35,21,0.0,False,1.0
20,5,gumbel,19,2062162,STD_LOCAL_BIC_EXACT,0.7619047619047619,0.125,45,5,16,35,21,0.0,False,1.0
